Marker_1,Marker_2,Marker_3,Marker_4,Marker_5,Marker_6,Marker_7,Marker_8,Marker_9,Marker_10,GT,MV,n_ssa,soft_label,WSI,ano
1,1,0,1,1,1,1,-1,-1,-1,1,1,6,0.8571428571428571,MHIST_aaa,MHIST_aaa
0,0,0,0,0,0,0,-1,-1,-1,0,0,0,0.0,MHIST_aab,MHIST_aab
0,1,1,1,0,1,1,-1,-1,-1,1,1,5,0.7142857142857143,MHIST_aac,MHIST_aac
1,0,0,0,0,0,0,-1,-1,-1,0,0,1,0.14285714285714285,MHIST_aae,MHIST_aae
1,1,1,1,0,0,1,-1,-1,-1,1,1,5,0.7142857142857143,MHIST_aaf,MHIST_aaf
0,0,0,0,0,0,0,-1,-1,-1,0,0,0,0.0,MHIST_aaj,MHIST_aaj
0,1,0,0,0,1,0,-1,-1,-1,0,0,2,0.2857142857142857,MHIST_aak,MHIST_aak
1,1,0,1,1,0,1,-1,-1,-1,1,1,5,0.7142857142857143,MHIST_aal,MHIST_aal
0,0,0,0,0,0,0,-1,-1,-1,0,0,0,0.0,MHIST_aam,MHIST_aam
0,0,0,0,0,0,0,-1,-1,-1,0,0,0,0.0,MHIST_aao,MHIST_aao
0,0,0,0,0,1,1,-1,-1,-1,0,0,2,0.2857142857142857,MHIST_aap,MHIST_aap
1,1,1,1,0,0,0,-1,-1,-1,1,1,4,0.5714285714285714,MHIST_aas,MHIST_aas
0,0,0,0,0,0,0,-1,-1,-1,0,0,0,0.0,MHIST_aav,MHIST_aav
0,0,0,0,0,0,0,-1,-1,-1,0,0,0,0.0,MHIST_aaw,MHIST_aaw
0,0,0,0,0,0,0,-1,-1,-1,0,0,0,0.0,MHIST_aba,MHIST_aba
0,0,0,0,0,0,0,-1,-1,-1,0,0,0,0.0,MHIST_abd,MHIST_abd
1,0,1,1,0,1,0,-1,-1,-1,1,1,4,0.5714285714285714,MHIST_abh,MHIST_abh
0,0,0,1,0,0,0,-1,-1,-1,0,0,1,0.14285714285714285,MHIST_abj,MHIST_abj
0,0,1,0,0,1,0,-1,-1,-1,0,0,2,0.2857142857142857,MHIST_abk,MHIST_abk
1,0,0,0,0,0,0,-1,-1,-1,0,0,1,0.14285714285714285,MHIST_abl,MHIST_abl
0,0,0,0,0,0,0,-1,-1,-1,0,0,0,0.0,MHIST_abm,MHIST_abm
1,0,0,1,0,0,0,-1,-1,-1,0,0,2,0.2857142857142857,MHIST_abn,MHIST_abn
0,0,0,0,0,0,0,-1,-1,-1,0,0,0,0.0,MHIST_abp,MHIST_abp
0,0,0,0,0,0,0,-1,-1,-1,0,0,0,0.0,MHIST_abq,MHIST_abq
0,1,1,1,1,0,1,-1,-1,-1,1,1,5,0.7142857142857143,MHIST_abr,MHIST_abr
0,0,0,0,1,0,0,-1,-1,-1,0,0,1,0.14285714285714285,MHIST_abu,MHIST_abu
0,0,0,0,0,0,0,-1,-1,-1,0,0,0,0.0,MHIST_abv,MHIST_abv
0,1,0,1,1,0,0,-1,-1,-1,0,0,3,0.42857142857142855,MHIST_aby,MHIST_aby
0,0,0,0,0,0,0,-1,-1,-1,0,0,0,0.0,MHIST_abz,MHIST_abz
1,1,1,0,1,1,1,-1,-1,-1,1,1,6,0.8571428571428571,MHIST_aca,MHIST_aca
0,0,0,0,0,0,0,-1,-1,-1,0,0,0,0.0,MHIST_acd,MHIST_acd
1,1,1,0,0,1,0,-1,-1,-1,1,1,4,0.5714285714285714,MHIST_ace,MHIST_ace
1,0,1,0,1,1,0,-1,-1,-1,1,1,4,0.5714285714285714,MHIST_acf,MHIST_acf
0,0,0,0,0,0,0,-1,-1,-1,0,0,0,0.0,MHIST_ach,MHIST_ach
1,0,0,0,1,0,0,-1,-1,-1,0,0,2,0.2857142857142857,MHIST_aci,MHIST_aci
0,0,0,0,0,0,0,-1,-1,-1,0,0,0,0.0,MHIST_acj,MHIST_acj
0,0,0,0,0,0,0,-1,-1,-1,0,0,0,0.0,MHIST_ack,MHIST_ack
0,0,0,0,0,0,0,-1,-1,-1,0,0,0,0.0,MHIST_acl,MHIST_acl
1,1,0,1,1,0,1,-1,-1,-1,1,1,5,0.7142857142857143,MHIST_acm,MHIST_acm
0,0,1,0,0,0,1,-1,-1,-1,0,0,2,0.2857142857142857,MHIST_acn,MHIST_acn
1,0,0,1,1,0,0,-1,-1,-1,0,0,3,0.42857142857142855,MHIST_acr,MHIST_acr
0,0,0,0,0,0,0,-1,-1,-1,0,0,0,0.0,MHIST_acu,MHIST_acu
1,0,0,1,1,0,1,-1,-1,-1,1,1,4,0.5714285714285714,MHIST_acv,MHIST_acv
0,1,1,1,1,0,1,-1,-1,-1,1,1,5,0.7142857142857143,MHIST_ada,MHIST_ada
0,0,0,0,0,0,0,-1,-1,-1,0,0,0,0.0,MHIST_adb,MHIST_adb
1,0,0,0,1,0,0,-1,-1,-1,0,0,2,0.2857142857142857,MHIST_ade,MHIST_ade
0,0,0,0,0,0,0,-1,-1,-1,0,0,0,0.0,MHIST_adf,MHIST_adf
0,0,0,0,0,0,0,-1,-1,-1,0,0,0,0.0,MHIST_adg,MHIST_adg
0,0,1,0,0,1,0,-1,-1,-1,0,0,2,0.2857142857142857,MHIST_adh,MHIST_adh
0,0,0,0,0,0,1,-1,-1,-1,0,0,1,0.14285714285714285,MHIST_adi,MHIST_adi
1,1,1,1,0,1,1,-1,-1,-1,1,1,6,0.8571428571428571,MHIST_adk,MHIST_adk
1,1,0,0,0,0,1,-1,-1,-1,0,0,3,0.42857142857142855,MHIST_adm,MHIST_adm
0,1,0,0,0,0,1,-1,-1,-1,0,0,2,0.2857142857142857,MHIST_adn,MHIST_adn
0,0,0,0,0,0,0,-1,-1,-1,0,0,0,0.0,MHIST_adp,MHIST_adp
0,0,1,0,0,0,0,-1,-1,-1,0,0,1,0.14285714285714285,MHIST_adq,MHIST_adq
0,0,0,0,0,0,0,-1,-1,-1,0,0,0,0.0,MHIST_ads,MHIST_ads
0,0,0,0,0,0,0,-1,-1,-1,0,0,0,0.0,MHIST_adt,MHIST_adt
0,0,0,0,0,0,0,-1,-1,-1,0,0,0,0.0,MHIST_adw,MHIST_adw
1,0,1,0,0,0,0,-1,-1,-1,0,0,2,0.2857142857142857,MHIST_aea,MHIST_aea
1,0,1,0,0,0,0,-1,-1,-1,0,0,2,0.2857142857142857,MHIST_aef,MHIST_aef
0,0,0,0,1,1,0,-1,-1,-1,0,0,2,0.2857142857142857,MHIST_aeg,MHIST_aeg
0,1,0,0,0,0,0,-1,-1,-1,0,0,1,0.14285714285714285,MHIST_ael,MHIST_ael
0,0,0,0,0,0,1,-1,-1,-1,0,0,1,0.14285714285714285,MHIST_aem,MHIST_aem
1,0,1,0,1,1,0,-1,-1,-1,1,1,4,0.5714285714285714,MHIST_aen,MHIST_aen
0,0,0,0,0,1,0,-1,-1,-1,0,0,1,0.14285714285714285,MHIST_aeo,MHIST_aeo
0,0,0,0,1,0,0,-1,-1,-1,0,0,1,0.14285714285714285,MHIST_aeu,MHIST_aeu
0,0,0,0,1,0,0,-1,-1,-1,0,0,1,0.14285714285714285,MHIST_aex,MHIST_aex
0,0,0,1,0,0,1,-1,-1,-1,0,0,2,0.2857142857142857,MHIST_aey,MHIST_aey
1,0,1,0,0,0,0,-1,-1,-1,0,0,2,0.2857142857142857,MHIST_afa,MHIST_afa
0,0,0,0,1,0,0,-1,-1,-1,0,0,1,0.14285714285714285,MHIST_afd,MHIST_afd
0,0,0,0,0,0,0,-1,-1,-1,0,0,0,0.0,MHIST_afh,MHIST_afh
1,0,1,1,0,0,1,-1,-1,-1,1,1,4,0.5714285714285714,MHIST_afi,MHIST_afi
0,0,0,1,0,0,0,-1,-1,-1,0,0,1,0.14285714285714285,MHIST_afj,MHIST_afj
0,0,0,0,0,0,0,-1,-1,-1,0,0,0,0.0,MHIST_afl,MHIST_afl
0,1,0,0,0,0,0,-1,-1,-1,0,0,1,0.14285714285714285,MHIST_afp,MHIST_afp
0,1,1,1,1,1,1,-1,-1,-1,1,1,6,0.8571428571428571,MHIST_afq,MHIST_afq
0,0,0,1,0,0,0,-1,-1,-1,0,0,1,0.14285714285714285,MHIST_afr,MHIST_afr
0,1,1,1,1,1,1,-1,-1,-1,1,1,6,0.8571428571428571,MHIST_aft,MHIST_aft
0,0,0,0,1,0,0,-1,-1,-1,0,0,1,0.14285714285714285,MHIST_afu,MHIST_afu
0,1,0,0,0,1,1,-1,-1,-1,0,0,3,0.42857142857142855,MHIST_afv,MHIST_afv
0,0,0,0,0,1,0,-1,-1,-1,0,0,1,0.14285714285714285,MHIST_afw,MHIST_afw
0,0,0,0,0,0,1,-1,-1,-1,0,0,1,0.14285714285714285,MHIST_afx,MHIST_afx
0,0,0,0,0,0,1,-1,-1,-1,0,0,1,0.14285714285714285,MHIST_afy,MHIST_afy
0,0,0,0,0,0,0,-1,-1,-1,0,0,0,0.0,MHIST_afz,MHIST_afz
1,0,0,0,1,0,0,-1,-1,-1,0,0,2,0.2857142857142857,MHIST_agc,MHIST_agc
0,0,0,1,0,0,1,-1,-1,-1,0,0,2,0.2857142857142857,MHIST_agg,MHIST_agg
0,0,0,1,1,0,0,-1,-1,-1,0,0,2,0.2857142857142857,MHIST_agl,MHIST_agl
0,0,1,1,0,0,0,-1,-1,-1,0,0,2,0.2857142857142857,MHIST_agm,MHIST_agm
0,0,1,0,0,0,0,-1,-1,-1,0,0,1,0.14285714285714285,MHIST_agn,MHIST_agn
0,0,0,1,1,0,0,-1,-1,-1,0,0,2,0.2857142857142857,MHIST_ago,MHIST_ago
1,1,0,0,1,0,0,-1,-1,-1,0,0,3,0.42857142857142855,MHIST_agp,MHIST_agp
0,0,0,1,0,0,0,-1,-1,-1,0,0,1,0.14285714285714285,MHIST_agq,MHIST_agq
0,0,0,0,0,0,1,-1,-1,-1,0,0,1,0.14285714285714285,MHIST_agr,MHIST_agr
0,0,0,0,0,1,0,-1,-1,-1,0,0,1,0.14285714285714285,MHIST_agt,MHIST_agt
0,0,0,0,0,0,1,-1,-1,-1,0,0,1,0.14285714285714285,MHIST_agw,MHIST_agw
1,0,0,0,0,0,0,-1,-1,-1,0,0,1,0.14285714285714285,MHIST_agx,MHIST_agx
0,0,0,0,0,0,0,-1,-1,-1,0,0,0,0.0,MHIST_ahf,MHIST_ahf
0,0,0,0,0,0,0,-1,-1,-1,0,0,0,0.0,MHIST_ahg,MHIST_ahg
1,0,1,1,1,0,1,-1,-1,-1,1,1,5,0.7142857142857143,MHIST_ahh,MHIST_ahh
0,0,0,0,1,0,0,-1,-1,-1,0,0,1,0.14285714285714285,MHIST_ahi,MHIST_ahi
0,1,0,1,0,0,0,-1,-1,-1,0,0,2,0.2857142857142857,MHIST_ahj,MHIST_ahj
0,0,0,0,1,1,0,-1,-1,-1,0,0,2,0.2857142857142857,MHIST_ahm,MHIST_ahm
1,0,0,0,0,0,0,-1,-1,-1,0,0,1,0.14285714285714285,MHIST_ahn,MHIST_ahn
0,0,0,0,0,0,0,-1,-1,-1,0,0,0,0.0,MHIST_ahs,MHIST_ahs
0,0,0,0,0,0,0,-1,-1,-1,0,0,0,0.0,MHIST_aht,MHIST_aht
0,0,0,1,1,0,1,-1,-1,-1,0,0,3,0.42857142857142855,MHIST_ahv,MHIST_ahv
0,1,0,0,0,0,0,-1,-1,-1,0,0,1,0.14285714285714285,MHIST_ahx,MHIST_ahx
0,0,0,0,0,1,0,-1,-1,-1,0,0,1,0.14285714285714285,MHIST_ahy,MHIST_ahy
1,1,1,1,0,1,0,-1,-1,-1,1,1,5,0.7142857142857143,MHIST_aia,MHIST_aia
0,0,0,1,0,0,0,-1,-1,-1,0,0,1,0.14285714285714285,MHIST_aib,MHIST_aib
0,0,0,1,1,1,0,-1,-1,-1,0,0,3,0.42857142857142855,MHIST_aic,MHIST_aic
0,0,0,0,1,0,0,-1,-1,-1,0,0,1,0.14285714285714285,MHIST_aid,MHIST_aid
0,0,1,0,0,0,0,-1,-1,-1,0,0,1,0.14285714285714285,MHIST_aig,MHIST_aig
0,1,0,1,1,0,1,-1,-1,-1,1,1,4,0.5714285714285714,MHIST_aih,MHIST_aih
1,0,0,1,1,0,0,-1,-1,-1,0,0,3,0.42857142857142855,MHIST_aik,MHIST_aik
1,0,0,0,0,0,0,-1,-1,-1,0,0,1,0.14285714285714285,MHIST_aio,MHIST_aio
0,0,0,0,0,0,0,-1,-1,-1,0,0,0,0.0,MHIST_air,MHIST_air
0,1,0,1,0,0,0,-1,-1,-1,0,0,2,0.2857142857142857,MHIST_ait,MHIST_ait
0,0,0,0,0,0,0,-1,-1,-1,0,0,0,0.0,MHIST_aiv,MHIST_aiv
1,1,1,0,0,0,0,-1,-1,-1,0,0,3,0.42857142857142855,MHIST_aiw,MHIST_aiw
0,0,0,0,1,0,0,-1,-1,-1,0,0,1,0.14285714285714285,MHIST_aiy,MHIST_aiy
1,0,0,0,0,0,0,-1,-1,-1,0,0,1,0.14285714285714285,MHIST_aiz,MHIST_aiz
1,0,0,0,0,1,1,-1,-1,-1,0,0,3,0.42857142857142855,MHIST_aja,MHIST_aja
0,0,0,0,1,0,1,-1,-1,-1,0,0,2,0.2857142857142857,MHIST_ajb,MHIST_ajb
0,1,1,0,0,0,0,-1,-1,-1,0,0,2,0.2857142857142857,MHIST_ajh,MHIST_ajh
0,0,0,0,0,0,0,-1,-1,-1,0,0,0,0.0,MHIST_ajj,MHIST_ajj
1,1,1,0,1,0,0,-1,-1,-1,1,1,4,0.5714285714285714,MHIST_ajk,MHIST_ajk
0,0,0,0,0,0,0,-1,-1,-1,0,0,0,0.0,MHIST_ajl,MHIST_ajl
0,0,0,0,0,0,0,-1,-1,-1,0,0,0,0.0,MHIST_ajm,MHIST_ajm
1,0,0,0,0,1,1,-1,-1,-1,0,0,3,0.42857142857142855,MHIST_ajq,MHIST_ajq
0,0,0,1,0,0,0,-1,-1,-1,0,0,1,0.14285714285714285,MHIST_ajs,MHIST_ajs
0,0,0,0,0,1,0,-1,-1,-1,0,0,1,0.14285714285714285,MHIST_ajt,MHIST_ajt
0,0,0,0,0,1,0,-1,-1,-1,0,0,1,0.14285714285714285,MHIST_ajv,MHIST_ajv
1,0,1,1,0,0,1,-1,-1,-1,1,1,4,0.5714285714285714,MHIST_ajw,MHIST_ajw
1,0,1,0,0,1,1,-1,-1,-1,1,1,4,0.5714285714285714,MHIST_ajx,MHIST_ajx
0,0,0,0,0,0,1,-1,-1,-1,0,0,1,0.14285714285714285,MHIST_aka,MHIST_aka
0,0,0,1,1,0,1,-1,-1,-1,0,0,3,0.42857142857142855,MHIST_akb,MHIST_akb
0,0,1,1,0,0,0,-1,-1,-1,0,0,2,0.2857142857142857,MHIST_akf,MHIST_akf
1,0,0,0,0,0,0,-1,-1,-1,0,0,1,0.14285714285714285,MHIST_akg,MHIST_akg
0,0,0,0,0,0,0,-1,-1,-1,0,0,0,0.0,MHIST_akj,MHIST_akj
0,0,0,1,0,1,0,-1,-1,-1,0,0,2,0.2857142857142857,MHIST_ako,MHIST_ako
0,1,1,0,1,1,0,-1,-1,-1,1,1,4,0.5714285714285714,MHIST_aks,MHIST_aks
0,0,0,0,0,0,1,-1,-1,-1,0,0,1,0.14285714285714285,MHIST_aku,MHIST_aku
0,1,1,0,0,1,1,-1,-1,-1,1,1,4,0.5714285714285714,MHIST_akw,MHIST_akw
0,1,0,0,0,0,0,-1,-1,-1,0,0,1,0.14285714285714285,MHIST_akz,MHIST_akz
0,0,0,1,0,0,0,-1,-1,-1,0,0,1,0.14285714285714285,MHIST_alb,MHIST_alb
0,0,0,0,0,0,0,-1,-1,-1,0,0,0,0.0,MHIST_ald,MHIST_ald
0,0,0,0,0,0,0,-1,-1,-1,0,0,0,0.0,MHIST_alf,MHIST_alf
0,0,0,0,1,0,0,-1,-1,-1,0,0,1,0.14285714285714285,MHIST_alj,MHIST_alj
0,0,0,0,0,0,0,-1,-1,-1,0,0,0,0.0,MHIST_alk,MHIST_alk
0,0,1,1,0,0,1,-1,-1,-1,0,0,3,0.42857142857142855,MHIST_all,MHIST_all
0,0,0,0,0,0,0,-1,-1,-1,0,0,0,0.0,MHIST_alm,MHIST_alm
0,0,0,0,0,0,0,-1,-1,-1,0,0,0,0.0,MHIST_alp,MHIST_alp
0,1,0,1,0,0,1,-1,-1,-1,0,0,3,0.42857142857142855,MHIST_alq,MHIST_alq
0,0,0,0,0,0,0,-1,-1,-1,0,0,0,0.0,MHIST_alx,MHIST_alx
0,0,0,0,0,0,0,-1,-1,-1,0,0,0,0.0,MHIST_alz,MHIST_alz
0,0,0,0,0,0,0,-1,-1,-1,0,0,0,0.0,MHIST_ama,MHIST_ama
0,0,0,0,1,0,1,-1,-1,-1,0,0,2,0.2857142857142857,MHIST_amb,MHIST_amb
0,0,0,0,0,0,0,-1,-1,-1,0,0,0,0.0,MHIST_amh,MHIST_amh
0,0,0,0,0,0,0,-1,-1,-1,0,0,0,0.0,MHIST_amk,MHIST_amk
0,0,0,0,0,0,0,-1,-1,-1,0,0,0,0.0,MHIST_aml,MHIST_aml
0,0,0,0,0,0,0,-1,-1,-1,0,0,0,0.0,MHIST_amn,MHIST_amn
1,0,0,1,0,0,0,-1,-1,-1,0,0,2,0.2857142857142857,MHIST_amp,MHIST_amp
0,0,0,0,0,0,1,-1,-1,-1,0,0,1,0.14285714285714285,MHIST_ams,MHIST_ams
1,0,0,1,1,0,0,-1,-1,-1,0,0,3,0.42857142857142855,MHIST_amt,MHIST_amt
1,0,1,0,0,0,0,-1,-1,-1,0,0,2,0.2857142857142857,MHIST_amu,MHIST_amu
1,0,0,0,0,0,0,-1,-1,-1,0,0,1,0.14285714285714285,MHIST_amx,MHIST_amx
1,0,0,0,0,1,0,-1,-1,-1,0,0,2,0.2857142857142857,MHIST_amy,MHIST_amy
0,0,0,0,0,0,0,-1,-1,-1,0,0,0,0.0,MHIST_anb,MHIST_anb
0,0,0,0,0,0,0,-1,-1,-1,0,0,0,0.0,MHIST_anf,MHIST_anf
0,0,0,0,1,0,0,-1,-1,-1,0,0,1,0.14285714285714285,MHIST_ang,MHIST_ang
1,1,1,0,0,1,0,-1,-1,-1,1,1,4,0.5714285714285714,MHIST_anh,MHIST_anh
1,0,0,0,0,0,0,-1,-1,-1,0,0,1,0.14285714285714285,MHIST_ani,MHIST_ani
0,0,0,0,0,0,0,-1,-1,-1,0,0,0,0.0,MHIST_anj,MHIST_anj
0,0,0,0,0,0,0,-1,-1,-1,0,0,0,0.0,MHIST_anl,MHIST_anl
0,0,0,0,0,0,0,-1,-1,-1,0,0,0,0.0,MHIST_anq,MHIST_anq
0,0,0,1,0,0,0,-1,-1,-1,0,0,1,0.14285714285714285,MHIST_anu,MHIST_anu
0,0,0,0,0,0,0,-1,-1,-1,0,0,0,0.0,MHIST_anv,MHIST_anv
0,0,0,0,0,0,0,-1,-1,-1,0,0,0,0.0,MHIST_any,MHIST_any
0,0,0,0,0,0,0,-1,-1,-1,0,0,0,0.0,MHIST_aoa,MHIST_aoa
0,0,0,0,0,0,1,-1,-1,-1,0,0,1,0.14285714285714285,MHIST_aob,MHIST_aob
1,0,0,0,0,0,0,-1,-1,-1,0,0,1,0.14285714285714285,MHIST_aoe,MHIST_aoe
0,0,0,0,0,0,0,-1,-1,-1,0,0,0,0.0,MHIST_aof,MHIST_aof
0,0,0,0,0,0,0,-1,-1,-1,0,0,0,0.0,MHIST_aok,MHIST_aok
0,0,0,0,0,1,0,-1,-1,-1,0,0,1,0.14285714285714285,MHIST_aom,MHIST_aom
0,0,0,0,1,0,0,-1,-1,-1,0,0,1,0.14285714285714285,MHIST_aon,MHIST_aon
0,0,0,0,0,0,0,-1,-1,-1,0,0,0,0.0,MHIST_aoq,MHIST_aoq
0,0,0,0,0,0,0,-1,-1,-1,0,0,0,0.0,MHIST_aos,MHIST_aos
0,0,0,1,0,0,1,-1,-1,-1,0,0,2,0.2857142857142857,MHIST_aot,MHIST_aot
0,0,0,0,0,0,0,-1,-1,-1,0,0,0,0.0,MHIST_aou,MHIST_aou
0,0,1,0,0,0,0,-1,-1,-1,0,0,1,0.14285714285714285,MHIST_aov,MHIST_aov
0,0,0,1,0,0,1,-1,-1,-1,0,0,2,0.2857142857142857,MHIST_aox,MHIST_aox
0,0,0,0,0,0,0,-1,-1,-1,0,0,0,0.0,MHIST_aoy,MHIST_aoy
0,0,0,1,0,0,0,-1,-1,-1,0,0,1,0.14285714285714285,MHIST_aoz,MHIST_aoz
0,0,0,0,0,0,1,-1,-1,-1,0,0,1,0.14285714285714285,MHIST_apb,MHIST_apb
0,0,0,0,0,0,0,-1,-1,-1,0,0,0,0.0,MHIST_apd,MHIST_apd
0,0,0,0,0,1,0,-1,-1,-1,0,0,1,0.14285714285714285,MHIST_ape,MHIST_ape
0,0,0,0,0,0,0,-1,-1,-1,0,0,0,0.0,MHIST_apf,MHIST_apf
1,0,1,0,0,0,1,-1,-1,-1,0,0,3,0.42857142857142855,MHIST_apg,MHIST_apg
0,0,0,1,0,1,1,-1,-1,-1,0,0,3,0.42857142857142855,MHIST_aph,MHIST_aph
0,0,0,0,0,1,0,-1,-1,-1,0,0,1,0.14285714285714285,MHIST_api,MHIST_api
1,0,0,0,0,1,1,-1,-1,-1,0,0,3,0.42857142857142855,MHIST_apj,MHIST_apj
0,0,0,1,0,0,1,-1,-1,-1,0,0,2,0.2857142857142857,MHIST_apl,MHIST_apl
1,0,1,1,0,0,0,-1,-1,-1,0,0,3,0.42857142857142855,MHIST_apo,MHIST_apo
0,0,0,0,0,0,0,-1,-1,-1,0,0,0,0.0,MHIST_app,MHIST_app
0,0,1,0,0,0,1,-1,-1,-1,0,0,2,0.2857142857142857,MHIST_apq,MHIST_apq
0,0,0,0,0,0,1,-1,-1,-1,0,0,1,0.14285714285714285,MHIST_apr,MHIST_apr
0,0,0,0,1,0,0,-1,-1,-1,0,0,1,0.14285714285714285,MHIST_apx,MHIST_apx
0,1,0,1,0,0,1,-1,-1,-1,0,0,3,0.42857142857142855,MHIST_apy,MHIST_apy
0,0,0,0,0,0,0,-1,-1,-1,0,0,0,0.0,MHIST_aqe,MHIST_aqe
0,1,0,0,1,0,0,-1,-1,-1,0,0,2,0.2857142857142857,MHIST_aqg,MHIST_aqg
1,0,1,0,1,0,0,-1,-1,-1,0,0,3,0.42857142857142855,MHIST_aql,MHIST_aql
0,1,0,1,0,0,0,-1,-1,-1,0,0,2,0.2857142857142857,MHIST_aqn,MHIST_aqn
1,0,0,0,0,1,0,-1,-1,-1,0,0,2,0.2857142857142857,MHIST_aqo,MHIST_aqo
0,1,0,0,1,0,0,-1,-1,-1,0,0,2,0.2857142857142857,MHIST_aqq,MHIST_aqq
0,0,0,0,0,0,0,-1,-1,-1,0,0,0,0.0,MHIST_aqt,MHIST_aqt
0,1,0,1,0,1,0,-1,-1,-1,0,0,3,0.42857142857142855,MHIST_aqw,MHIST_aqw
0,1,1,1,1,1,0,-1,-1,-1,1,1,5,0.7142857142857143,MHIST_aqx,MHIST_aqx
0,0,1,1,0,0,1,-1,-1,-1,0,0,3,0.42857142857142855,MHIST_aqz,MHIST_aqz
0,0,0,1,0,1,0,-1,-1,-1,0,0,2,0.2857142857142857,MHIST_arb,MHIST_arb
1,0,1,1,0,1,1,-1,-1,-1,1,1,5,0.7142857142857143,MHIST_ard,MHIST_ard
0,1,0,0,0,0,0,-1,-1,-1,0,0,1,0.14285714285714285,MHIST_are,MHIST_are
1,0,0,0,0,0,0,-1,-1,-1,0,0,1,0.14285714285714285,MHIST_arg,MHIST_arg
0,0,0,0,0,0,0,-1,-1,-1,0,0,0,0.0,MHIST_arh,MHIST_arh
0,0,0,0,0,0,0,-1,-1,-1,0,0,0,0.0,MHIST_ari,MHIST_ari
0,0,0,0,0,0,0,-1,-1,-1,0,0,0,0.0,MHIST_arj,MHIST_arj
0,0,0,0,1,1,0,-1,-1,-1,0,0,2,0.2857142857142857,MHIST_ark,MHIST_ark
1,0,0,0,1,0,0,-1,-1,-1,0,0,2,0.2857142857142857,MHIST_arl,MHIST_arl
0,0,1,0,0,0,0,-1,-1,-1,0,0,1,0.14285714285714285,MHIST_arm,MHIST_arm
1,0,1,1,0,0,1,-1,-1,-1,1,1,4,0.5714285714285714,MHIST_ars,MHIST_ars
0,0,1,0,1,0,0,-1,-1,-1,0,0,2,0.2857142857142857,MHIST_art,MHIST_art
0,0,0,0,0,0,1,-1,-1,-1,0,0,1,0.14285714285714285,MHIST_aru,MHIST_aru
0,1,0,0,1,1,0,-1,-1,-1,0,0,3,0.42857142857142855,MHIST_arv,MHIST_arv
0,0,0,0,0,0,0,-1,-1,-1,0,0,0,0.0,MHIST_arx,MHIST_arx
0,0,0,0,0,0,0,-1,-1,-1,0,0,0,0.0,MHIST_ary,MHIST_ary
1,0,0,1,0,0,0,-1,-1,-1,0,0,2,0.2857142857142857,MHIST_arz,MHIST_arz
0,0,1,0,1,0,0,-1,-1,-1,0,0,2,0.2857142857142857,MHIST_asf,MHIST_asf
0,0,1,0,0,0,0,-1,-1,-1,0,0,1,0.14285714285714285,MHIST_asj,MHIST_asj
0,0,0,0,0,0,0,-1,-1,-1,0,0,0,0.0,MHIST_ask,MHIST_ask
0,0,0,0,1,0,0,-1,-1,-1,0,0,1,0.14285714285714285,MHIST_asm,MHIST_asm
0,0,0,1,0,0,0,-1,-1,-1,0,0,1,0.14285714285714285,MHIST_asp,MHIST_asp
1,0,0,0,0,0,0,-1,-1,-1,0,0,1,0.14285714285714285,MHIST_asr,MHIST_asr
0,0,1,0,0,0,0,-1,-1,-1,0,0,1,0.14285714285714285,MHIST_ass,MHIST_ass
1,1,0,0,0,0,0,-1,-1,-1,0,0,2,0.2857142857142857,MHIST_ast,MHIST_ast
0,0,0,1,0,0,1,-1,-1,-1,0,0,2,0.2857142857142857,MHIST_asv,MHIST_asv
0,0,0,0,0,0,0,-1,-1,-1,0,0,0,0.0,MHIST_asy,MHIST_asy
1,0,1,0,0,0,1,-1,-1,-1,0,0,3,0.42857142857142855,MHIST_atf,MHIST_atf
0,1,0,0,0,0,0,-1,-1,-1,0,0,1,0.14285714285714285,MHIST_atg,MHIST_atg
1,0,0,0,0,0,0,-1,-1,-1,0,0,1,0.14285714285714285,MHIST_atl,MHIST_atl
0,0,0,1,0,1,1,-1,-1,-1,0,0,3,0.42857142857142855,MHIST_atm,MHIST_atm
0,0,0,0,0,0,0,-1,-1,-1,0,0,0,0.0,MHIST_ats,MHIST_ats
0,0,0,0,0,0,0,-1,-1,-1,0,0,0,0.0,MHIST_att,MHIST_att
1,0,0,0,0,0,0,-1,-1,-1,0,0,1,0.14285714285714285,MHIST_atv,MHIST_atv
1,1,0,0,0,0,0,-1,-1,-1,0,0,2,0.2857142857142857,MHIST_atw,MHIST_atw
1,0,1,0,1,0,0,-1,-1,-1,0,0,3,0.42857142857142855,MHIST_atx,MHIST_atx
0,0,0,0,0,0,0,-1,-1,-1,0,0,0,0.0,MHIST_aud,MHIST_aud
0,0,0,0,0,0,0,-1,-1,-1,0,0,0,0.0,MHIST_aue,MHIST_aue
0,1,1,1,1,1,0,-1,-1,-1,1,1,5,0.7142857142857143,MHIST_aui,MHIST_aui
0,0,0,0,0,0,0,-1,-1,-1,0,0,0,0.0,MHIST_auj,MHIST_auj
0,0,0,0,0,0,0,-1,-1,-1,0,0,0,0.0,MHIST_aul,MHIST_aul
1,0,0,0,1,0,0,-1,-1,-1,0,0,2,0.2857142857142857,MHIST_aum,MHIST_aum
0,0,0,0,0,1,0,-1,-1,-1,0,0,1,0.14285714285714285,MHIST_aun,MHIST_aun
0,0,0,0,0,0,0,-1,-1,-1,0,0,0,0.0,MHIST_auo,MHIST_auo
0,0,0,0,0,0,0,-1,-1,-1,0,0,0,0.0,MHIST_aup,MHIST_aup
0,0,0,0,0,0,0,-1,-1,-1,0,0,0,0.0,MHIST_aur,MHIST_aur
0,1,1,1,0,0,1,-1,-1,-1,1,1,4,0.5714285714285714,MHIST_auv,MHIST_auv
0,0,0,0,0,0,0,-1,-1,-1,0,0,0,0.0,MHIST_avb,MHIST_avb
0,0,0,0,0,0,0,-1,-1,-1,0,0,0,0.0,MHIST_avc,MHIST_avc
1,0,0,1,1,1,0,-1,-1,-1,1,1,4,0.5714285714285714,MHIST_avh,MHIST_avh
1,1,1,0,0,1,1,-1,-1,-1,1,1,5,0.7142857142857143,MHIST_avi,MHIST_avi
0,0,0,0,0,0,0,-1,-1,-1,0,0,0,0.0,MHIST_avj,MHIST_avj
0,1,0,0,0,0,0,-1,-1,-1,0,0,1,0.14285714285714285,MHIST_avk,MHIST_avk
0,0,0,0,0,0,0,-1,-1,-1,0,0,0,0.0,MHIST_avl,MHIST_avl
0,0,0,0,0,0,0,-1,-1,-1,0,0,0,0.0,MHIST_avm,MHIST_avm
0,0,0,0,0,0,0,-1,-1,-1,0,0,0,0.0,MHIST_avn,MHIST_avn
0,0,0,0,0,0,1,-1,-1,-1,0,0,1,0.14285714285714285,MHIST_avo,MHIST_avo
0,0,1,1,1,0,1,-1,-1,-1,1,1,4,0.5714285714285714,MHIST_avq,MHIST_avq
0,0,0,1,0,0,1,-1,-1,-1,0,0,2,0.2857142857142857,MHIST_avs,MHIST_avs
0,0,0,0,0,0,1,-1,-1,-1,0,0,1,0.14285714285714285,MHIST_avt,MHIST_avt
0,0,0,0,0,0,0,-1,-1,-1,0,0,0,0.0,MHIST_avu,MHIST_avu
1,1,0,0,0,0,1,-1,-1,-1,0,0,3,0.42857142857142855,MHIST_avy,MHIST_avy
0,0,0,1,0,0,1,-1,-1,-1,0,0,2,0.2857142857142857,MHIST_awb,MHIST_awb
0,0,0,0,0,0,0,-1,-1,-1,0,0,0,0.0,MHIST_awc,MHIST_awc
1,0,0,0,1,0,0,-1,-1,-1,0,0,2,0.2857142857142857,MHIST_awd,MHIST_awd
0,0,0,0,0,0,0,-1,-1,-1,0,0,0,0.0,MHIST_awe,MHIST_awe
0,0,1,0,1,0,0,-1,-1,-1,0,0,2,0.2857142857142857,MHIST_awf,MHIST_awf
0,0,0,1,1,0,0,-1,-1,-1,0,0,2,0.2857142857142857,MHIST_awi,MHIST_awi
0,1,0,0,0,0,1,-1,-1,-1,0,0,2,0.2857142857142857,MHIST_awl,MHIST_awl
1,0,1,0,0,0,1,-1,-1,-1,0,0,3,0.42857142857142855,MHIST_awp,MHIST_awp
0,1,0,1,0,1,0,-1,-1,-1,0,0,3,0.42857142857142855,MHIST_awq,MHIST_awq
0,0,0,0,0,0,0,-1,-1,-1,0,0,0,0.0,MHIST_aws,MHIST_aws
0,0,0,0,0,0,0,-1,-1,-1,0,0,0,0.0,MHIST_awv,MHIST_awv
0,0,0,0,0,0,0,-1,-1,-1,0,0,0,0.0,MHIST_awx,MHIST_awx
0,1,1,0,0,0,0,-1,-1,-1,0,0,2,0.2857142857142857,MHIST_awy,MHIST_awy
0,0,1,1,0,0,1,-1,-1,-1,0,0,3,0.42857142857142855,MHIST_axe,MHIST_axe
0,0,0,0,0,0,0,-1,-1,-1,0,0,0,0.0,MHIST_axf,MHIST_axf
0,0,0,0,0,0,0,-1,-1,-1,0,0,0,0.0,MHIST_axk,MHIST_axk
0,0,0,0,1,1,0,-1,-1,-1,0,0,2,0.2857142857142857,MHIST_axl,MHIST_axl
0,0,0,0,1,0,1,-1,-1,-1,0,0,2,0.2857142857142857,MHIST_axn,MHIST_axn
0,0,0,0,0,0,0,-1,-1,-1,0,0,0,0.0,MHIST_axo,MHIST_axo
0,1,1,0,0,0,1,-1,-1,-1,0,0,3,0.42857142857142855,MHIST_axq,MHIST_axq
0,0,0,0,0,1,0,-1,-1,-1,0,0,1,0.14285714285714285,MHIST_axr,MHIST_axr
0,1,0,0,0,1,0,-1,-1,-1,0,0,2,0.2857142857142857,MHIST_axs,MHIST_axs
0,0,0,0,1,1,0,-1,-1,-1,0,0,2,0.2857142857142857,MHIST_axt,MHIST_axt
0,0,0,0,0,0,0,-1,-1,-1,0,0,0,0.0,MHIST_axu,MHIST_axu
0,0,0,1,0,0,0,-1,-1,-1,0,0,1,0.14285714285714285,MHIST_axw,MHIST_axw
0,0,0,0,0,1,0,-1,-1,-1,0,0,1,0.14285714285714285,MHIST_axx,MHIST_axx
1,0,0,1,0,0,0,-1,-1,-1,0,0,2,0.2857142857142857,MHIST_axy,MHIST_axy
0,0,0,1,0,0,1,-1,-1,-1,0,0,2,0.2857142857142857,MHIST_ayb,MHIST_ayb
0,0,0,0,0,0,0,-1,-1,-1,0,0,0,0.0,MHIST_ayd,MHIST_ayd
0,0,0,0,1,0,0,-1,-1,-1,0,0,1,0.14285714285714285,MHIST_ayg,MHIST_ayg
0,0,0,0,0,1,1,-1,-1,-1,0,0,2,0.2857142857142857,MHIST_ayi,MHIST_ayi
0,0,0,0,1,1,1,-1,-1,-1,0,0,3,0.42857142857142855,MHIST_ayj,MHIST_ayj
0,0,0,0,0,0,0,-1,-1,-1,0,0,0,0.0,MHIST_ayl,MHIST_ayl
0,0,0,0,0,0,0,-1,-1,-1,0,0,0,0.0,MHIST_ayp,MHIST_ayp
0,0,0,0,0,0,1,-1,-1,-1,0,0,1,0.14285714285714285,MHIST_ayr,MHIST_ayr
0,0,0,0,0,0,0,-1,-1,-1,0,0,0,0.0,MHIST_ayt,MHIST_ayt
0,0,0,0,0,1,0,-1,-1,-1,0,0,1,0.14285714285714285,MHIST_ayu,MHIST_ayu
0,0,0,1,0,0,1,-1,-1,-1,0,0,2,0.2857142857142857,MHIST_ayx,MHIST_ayx
0,0,0,0,0,0,0,-1,-1,-1,0,0,0,0.0,MHIST_aza,MHIST_aza
0,1,0,0,1,0,1,-1,-1,-1,0,0,3,0.42857142857142855,MHIST_azb,MHIST_azb
0,0,0,0,0,0,0,-1,-1,-1,0,0,0,0.0,MHIST_azc,MHIST_azc
0,0,0,0,0,0,0,-1,-1,-1,0,0,0,0.0,MHIST_azd,MHIST_azd
0,0,0,0,0,0,0,-1,-1,-1,0,0,0,0.0,MHIST_azg,MHIST_azg
0,0,0,0,0,0,0,-1,-1,-1,0,0,0,0.0,MHIST_azh,MHIST_azh
1,1,1,0,0,0,0,-1,-1,-1,0,0,3,0.42857142857142855,MHIST_azk,MHIST_azk
0,0,1,0,0,0,0,-1,-1,-1,0,0,1,0.14285714285714285,MHIST_azr,MHIST_azr
0,0,0,0,0,0,0,-1,-1,-1,0,0,0,0.0,MHIST_azs,MHIST_azs
0,0,0,0,0,0,0,-1,-1,-1,0,0,0,0.0,MHIST_azv,MHIST_azv
0,0,0,0,0,0,0,-1,-1,-1,0,0,0,0.0,MHIST_azw,MHIST_azw
0,0,1,0,0,0,0,-1,-1,-1,0,0,1,0.14285714285714285,MHIST_azy,MHIST_azy
0,0,0,0,0,0,1,-1,-1,-1,0,0,1,0.14285714285714285,MHIST_baa,MHIST_baa
0,0,0,0,0,0,1,-1,-1,-1,0,0,1,0.14285714285714285,MHIST_bab,MHIST_bab
0,0,0,0,0,1,0,-1,-1,-1,0,0,1,0.14285714285714285,MHIST_bac,MHIST_bac
0,0,1,1,0,0,0,-1,-1,-1,0,0,2,0.2857142857142857,MHIST_bad,MHIST_bad
0,0,0,0,0,0,0,-1,-1,-1,0,0,0,0.0,MHIST_bah,MHIST_bah
0,0,0,0,0,0,0,-1,-1,-1,0,0,0,0.0,MHIST_bai,MHIST_bai
0,0,0,0,0,0,0,-1,-1,-1,0,0,0,0.0,MHIST_baj,MHIST_baj
0,0,0,0,0,0,0,-1,-1,-1,0,0,0,0.0,MHIST_bak,MHIST_bak
0,0,0,1,0,1,0,-1,-1,-1,0,0,2,0.2857142857142857,MHIST_baq,MHIST_baq
0,0,1,0,0,0,0,-1,-1,-1,0,0,1,0.14285714285714285,MHIST_bar,MHIST_bar
1,0,1,0,0,0,1,-1,-1,-1,0,0,3,0.42857142857142855,MHIST_bat,MHIST_bat
0,0,1,0,1,0,0,-1,-1,-1,0,0,2,0.2857142857142857,MHIST_bau,MHIST_bau
0,0,0,0,0,0,0,-1,-1,-1,0,0,0,0.0,MHIST_bay,MHIST_bay
0,0,0,0,0,0,0,-1,-1,-1,0,0,0,0.0,MHIST_bba,MHIST_bba
0,0,0,0,0,0,0,-1,-1,-1,0,0,0,0.0,MHIST_bbb,MHIST_bbb
0,0,1,0,0,0,0,-1,-1,-1,0,0,1,0.14285714285714285,MHIST_bbc,MHIST_bbc
1,1,0,1,0,0,1,-1,-1,-1,1,1,4,0.5714285714285714,MHIST_bbd,MHIST_bbd
0,1,0,0,1,0,1,-1,-1,-1,0,0,3,0.42857142857142855,MHIST_bbj,MHIST_bbj
0,1,0,1,0,0,0,-1,-1,-1,0,0,2,0.2857142857142857,MHIST_bbk,MHIST_bbk
0,1,0,0,0,0,0,-1,-1,-1,0,0,1,0.14285714285714285,MHIST_bbo,MHIST_bbo
0,0,0,1,0,0,0,-1,-1,-1,0,0,1,0.14285714285714285,MHIST_bbp,MHIST_bbp
0,0,0,0,0,0,0,-1,-1,-1,0,0,0,0.0,MHIST_bbq,MHIST_bbq
0,0,0,0,0,1,0,-1,-1,-1,0,0,1,0.14285714285714285,MHIST_bbu,MHIST_bbu
0,0,0,0,0,1,0,-1,-1,-1,0,0,1,0.14285714285714285,MHIST_bbv,MHIST_bbv
0,1,0,0,0,0,0,-1,-1,-1,0,0,1,0.14285714285714285,MHIST_bby,MHIST_bby
0,0,0,1,1,1,0,-1,-1,-1,0,0,3,0.42857142857142855,MHIST_bbz,MHIST_bbz
1,1,0,0,0,0,0,-1,-1,-1,0,0,2,0.2857142857142857,MHIST_bca,MHIST_bca
0,1,0,0,1,1,1,-1,-1,-1,1,1,4,0.5714285714285714,MHIST_bcb,MHIST_bcb
0,0,0,0,0,1,0,-1,-1,-1,0,0,1,0.14285714285714285,MHIST_bcf,MHIST_bcf
1,0,0,0,0,0,0,-1,-1,-1,0,0,1,0.14285714285714285,MHIST_bcg,MHIST_bcg
1,0,0,1,0,0,1,-1,-1,-1,0,0,3,0.42857142857142855,MHIST_bch,MHIST_bch
0,1,0,0,1,0,0,-1,-1,-1,0,0,2,0.2857142857142857,MHIST_bci,MHIST_bci
0,0,0,0,0,1,0,-1,-1,-1,0,0,1,0.14285714285714285,MHIST_bcj,MHIST_bcj
0,0,0,0,0,0,1,-1,-1,-1,0,0,1,0.14285714285714285,MHIST_bck,MHIST_bck
1,1,0,0,0,1,0,-1,-1,-1,0,0,3,0.42857142857142855,MHIST_bcm,MHIST_bcm
0,0,0,1,1,1,0,-1,-1,-1,0,0,3,0.42857142857142855,MHIST_bcp,MHIST_bcp
0,0,0,1,1,0,1,-1,-1,-1,0,0,3,0.42857142857142855,MHIST_bcq,MHIST_bcq
0,0,0,0,1,0,0,-1,-1,-1,0,0,1,0.14285714285714285,MHIST_bcs,MHIST_bcs
0,0,0,0,0,0,0,-1,-1,-1,0,0,0,0.0,MHIST_bct,MHIST_bct
0,0,0,1,0,0,0,-1,-1,-1,0,0,1,0.14285714285714285,MHIST_bcu,MHIST_bcu
0,0,0,0,0,0,0,-1,-1,-1,0,0,0,0.0,MHIST_bcw,MHIST_bcw
0,0,1,0,0,1,0,-1,-1,-1,0,0,2,0.2857142857142857,MHIST_bcx,MHIST_bcx
0,0,0,0,0,0,0,-1,-1,-1,0,0,0,0.0,MHIST_bde,MHIST_bde
0,0,0,0,0,0,0,-1,-1,-1,0,0,0,0.0,MHIST_bdg,MHIST_bdg
0,0,0,0,1,0,0,-1,-1,-1,0,0,1,0.14285714285714285,MHIST_bdi,MHIST_bdi
0,0,0,0,0,0,0,-1,-1,-1,0,0,0,0.0,MHIST_bdk,MHIST_bdk
0,0,0,0,0,0,0,-1,-1,-1,0,0,0,0.0,MHIST_bdm,MHIST_bdm
0,0,0,0,0,0,0,-1,-1,-1,0,0,0,0.0,MHIST_bdr,MHIST_bdr
0,0,0,0,0,0,0,-1,-1,-1,0,0,0,0.0,MHIST_bds,MHIST_bds
0,0,0,0,0,0,0,-1,-1,-1,0,0,0,0.0,MHIST_bdw,MHIST_bdw
1,1,0,1,0,1,1,-1,-1,-1,1,1,5,0.7142857142857143,MHIST_bdx,MHIST_bdx
1,0,0,1,0,0,1,-1,-1,-1,0,0,3,0.42857142857142855,MHIST_bdy,MHIST_bdy
0,0,1,0,0,0,0,-1,-1,-1,0,0,1,0.14285714285714285,MHIST_bdz,MHIST_bdz
0,0,0,0,0,0,0,-1,-1,-1,0,0,0,0.0,MHIST_bed,MHIST_bed
0,0,0,0,1,0,0,-1,-1,-1,0,0,1,0.14285714285714285,MHIST_bef,MHIST_bef
1,0,0,1,1,0,1,-1,-1,-1,1,1,4,0.5714285714285714,MHIST_bei,MHIST_bei
0,0,0,0,0,0,0,-1,-1,-1,0,0,0,0.0,MHIST_bek,MHIST_bek
0,0,1,1,0,0,1,-1,-1,-1,0,0,3,0.42857142857142855,MHIST_bep,MHIST_bep
0,0,0,0,0,0,0,-1,-1,-1,0,0,0,0.0,MHIST_beq,MHIST_beq
1,0,0,0,0,1,0,-1,-1,-1,0,0,2,0.2857142857142857,MHIST_bes,MHIST_bes
0,1,1,0,1,0,0,-1,-1,-1,0,0,3,0.42857142857142855,MHIST_bet,MHIST_bet
0,0,1,0,0,0,0,-1,-1,-1,0,0,1,0.14285714285714285,MHIST_bey,MHIST_bey
0,0,0,0,1,1,0,-1,-1,-1,0,0,2,0.2857142857142857,MHIST_bfa,MHIST_bfa
0,0,0,0,0,0,0,-1,-1,-1,0,0,0,0.0,MHIST_bfe,MHIST_bfe
0,0,0,0,0,1,1,-1,-1,-1,0,0,2,0.2857142857142857,MHIST_bfh,MHIST_bfh
0,0,0,0,0,1,0,-1,-1,-1,0,0,1,0.14285714285714285,MHIST_bfk,MHIST_bfk
0,1,0,0,0,0,0,-1,-1,-1,0,0,1,0.14285714285714285,MHIST_bfm,MHIST_bfm
0,0,0,0,0,0,0,-1,-1,-1,0,0,0,0.0,MHIST_bfr,MHIST_bfr
0,0,0,0,0,0,0,-1,-1,-1,0,0,0,0.0,MHIST_bfs,MHIST_bfs
0,1,1,0,1,1,1,-1,-1,-1,1,1,5,0.7142857142857143,MHIST_bft,MHIST_bft
0,0,1,0,0,0,0,-1,-1,-1,0,0,1,0.14285714285714285,MHIST_bgd,MHIST_bgd
0,0,0,0,0,0,0,-1,-1,-1,0,0,0,0.0,MHIST_bgg,MHIST_bgg
0,0,0,0,0,0,0,-1,-1,-1,0,0,0,0.0,MHIST_bgm,MHIST_bgm
0,0,1,0,0,0,1,-1,-1,-1,0,0,2,0.2857142857142857,MHIST_bgn,MHIST_bgn
0,0,0,0,0,0,0,-1,-1,-1,0,0,0,0.0,MHIST_bgo,MHIST_bgo
0,0,0,0,0,0,0,-1,-1,-1,0,0,0,0.0,MHIST_bgq,MHIST_bgq
0,0,1,0,0,0,0,-1,-1,-1,0,0,1,0.14285714285714285,MHIST_bgr,MHIST_bgr
0,0,1,0,0,0,0,-1,-1,-1,0,0,1,0.14285714285714285,MHIST_bgu,MHIST_bgu
0,0,0,0,0,0,0,-1,-1,-1,0,0,0,0.0,MHIST_bgx,MHIST_bgx
0,0,0,0,0,0,0,-1,-1,-1,0,0,0,0.0,MHIST_bha,MHIST_bha
0,0,0,0,0,0,1,-1,-1,-1,0,0,1,0.14285714285714285,MHIST_bhb,MHIST_bhb
0,0,0,0,0,0,0,-1,-1,-1,0,0,0,0.0,MHIST_bhc,MHIST_bhc
0,0,0,0,0,0,0,-1,-1,-1,0,0,0,0.0,MHIST_bhd,MHIST_bhd
0,0,0,0,0,0,0,-1,-1,-1,0,0,0,0.0,MHIST_bhe,MHIST_bhe
1,0,1,1,0,0,0,-1,-1,-1,0,0,3,0.42857142857142855,MHIST_bhg,MHIST_bhg
0,0,1,0,0,1,0,-1,-1,-1,0,0,2,0.2857142857142857,MHIST_bhi,MHIST_bhi
1,0,1,0,0,0,1,-1,-1,-1,0,0,3,0.42857142857142855,MHIST_bhj,MHIST_bhj
0,0,0,0,0,0,0,-1,-1,-1,0,0,0,0.0,MHIST_bhm,MHIST_bhm
0,0,0,0,0,0,0,-1,-1,-1,0,0,0,0.0,MHIST_bhp,MHIST_bhp
0,0,0,0,0,0,0,-1,-1,-1,0,0,0,0.0,MHIST_bhr,MHIST_bhr
0,0,0,0,0,0,0,-1,-1,-1,0,0,0,0.0,MHIST_bht,MHIST_bht
0,0,0,0,0,0,0,-1,-1,-1,0,0,0,0.0,MHIST_bhz,MHIST_bhz
0,0,0,0,0,0,0,-1,-1,-1,0,0,0,0.0,MHIST_bia,MHIST_bia
0,0,0,1,0,0,0,-1,-1,-1,0,0,1,0.14285714285714285,MHIST_bic,MHIST_bic
0,0,0,0,0,0,1,-1,-1,-1,0,0,1,0.14285714285714285,MHIST_bid,MHIST_bid
0,0,1,1,1,1,1,-1,-1,-1,1,1,5,0.7142857142857143,MHIST_big,MHIST_big
0,0,0,0,0,0,0,-1,-1,-1,0,0,0,0.0,MHIST_bik,MHIST_bik
0,0,1,0,0,0,0,-1,-1,-1,0,0,1,0.14285714285714285,MHIST_biq,MHIST_biq
0,1,1,0,0,1,0,-1,-1,-1,0,0,3,0.42857142857142855,MHIST_bir,MHIST_bir
0,0,0,1,0,0,0,-1,-1,-1,0,0,1,0.14285714285714285,MHIST_bis,MHIST_bis
0,1,1,0,0,1,1,-1,-1,-1,1,1,4,0.5714285714285714,MHIST_bit,MHIST_bit
0,0,0,0,1,1,0,-1,-1,-1,0,0,2,0.2857142857142857,MHIST_biv,MHIST_biv
0,1,0,0,0,0,0,-1,-1,-1,0,0,1,0.14285714285714285,MHIST_bjb,MHIST_bjb
0,1,0,1,0,0,1,-1,-1,-1,0,0,3,0.42857142857142855,MHIST_bjc,MHIST_bjc
0,0,0,0,0,0,0,-1,-1,-1,0,0,0,0.0,MHIST_bjf,MHIST_bjf
0,0,0,0,0,1,0,-1,-1,-1,0,0,1,0.14285714285714285,MHIST_bjg,MHIST_bjg
0,0,0,0,0,0,0,-1,-1,-1,0,0,0,0.0,MHIST_bjj,MHIST_bjj
0,0,0,0,0,0,0,-1,-1,-1,0,0,0,0.0,MHIST_bjk,MHIST_bjk
0,0,0,0,0,0,0,-1,-1,-1,0,0,0,0.0,MHIST_bjl,MHIST_bjl
0,0,0,0,0,0,0,-1,-1,-1,0,0,0,0.0,MHIST_bjn,MHIST_bjn
0,1,1,0,0,0,1,-1,-1,-1,0,0,3,0.42857142857142855,MHIST_bjq,MHIST_bjq
1,0,1,0,0,0,0,-1,-1,-1,0,0,2,0.2857142857142857,MHIST_bju,MHIST_bju
0,0,0,0,0,1,1,-1,-1,-1,0,0,2,0.2857142857142857,MHIST_bjw,MHIST_bjw
0,0,0,1,0,0,0,-1,-1,-1,0,0,1,0.14285714285714285,MHIST_bjy,MHIST_bjy
0,0,0,0,0,0,0,-1,-1,-1,0,0,0,0.0,MHIST_bjz,MHIST_bjz
1,0,1,0,1,0,1,-1,-1,-1,1,1,4,0.5714285714285714,MHIST_bkc,MHIST_bkc
1,0,0,1,1,0,0,-1,-1,-1,0,0,3,0.42857142857142855,MHIST_bkf,MHIST_bkf
0,0,0,1,1,1,1,-1,-1,-1,1,1,4,0.5714285714285714,MHIST_bkg,MHIST_bkg
1,0,0,0,0,0,1,-1,-1,-1,0,0,2,0.2857142857142857,MHIST_bki,MHIST_bki
1,0,0,0,0,0,0,-1,-1,-1,0,0,1,0.14285714285714285,MHIST_bkn,MHIST_bkn
1,0,1,1,0,0,0,-1,-1,-1,0,0,3,0.42857142857142855,MHIST_bkq,MHIST_bkq
0,0,0,1,0,0,1,-1,-1,-1,0,0,2,0.2857142857142857,MHIST_bkr,MHIST_bkr
0,0,0,0,0,0,0,-1,-1,-1,0,0,0,0.0,MHIST_bkw,MHIST_bkw
0,0,0,0,0,0,0,-1,-1,-1,0,0,0,0.0,MHIST_bkx,MHIST_bkx
0,0,0,0,0,0,1,-1,-1,-1,0,0,1,0.14285714285714285,MHIST_bkz,MHIST_bkz
1,0,0,1,1,0,1,-1,-1,-1,1,1,4,0.5714285714285714,MHIST_blh,MHIST_blh
0,0,0,0,0,0,0,-1,-1,-1,0,0,0,0.0,MHIST_bli,MHIST_bli
0,0,0,0,0,0,0,-1,-1,-1,0,0,0,0.0,MHIST_blk,MHIST_blk
0,0,0,0,0,0,0,-1,-1,-1,0,0,0,0.0,MHIST_bll,MHIST_bll
1,1,0,0,0,1,0,-1,-1,-1,0,0,3,0.42857142857142855,MHIST_blp,MHIST_blp
0,0,1,1,0,0,0,-1,-1,-1,0,0,2,0.2857142857142857,MHIST_blq,MHIST_blq
1,0,0,1,0,0,1,-1,-1,-1,0,0,3,0.42857142857142855,MHIST_bls,MHIST_bls
0,0,0,0,0,0,0,-1,-1,-1,0,0,0,0.0,MHIST_blx,MHIST_blx
1,1,0,1,0,1,0,-1,-1,-1,1,1,4,0.5714285714285714,MHIST_bmb,MHIST_bmb
0,0,1,0,0,0,0,-1,-1,-1,0,0,1,0.14285714285714285,MHIST_bme,MHIST_bme
0,0,0,0,0,1,0,-1,-1,-1,0,0,1,0.14285714285714285,MHIST_bmf,MHIST_bmf
0,0,0,0,0,0,0,-1,-1,-1,0,0,0,0.0,MHIST_bmi,MHIST_bmi
0,0,0,1,0,1,0,-1,-1,-1,0,0,2,0.2857142857142857,MHIST_bmj,MHIST_bmj
0,0,0,0,0,1,0,-1,-1,-1,0,0,1,0.14285714285714285,MHIST_bmk,MHIST_bmk
0,0,0,0,0,0,0,-1,-1,-1,0,0,0,0.0,MHIST_bml,MHIST_bml
0,1,0,0,0,0,0,-1,-1,-1,0,0,1,0.14285714285714285,MHIST_bmm,MHIST_bmm
0,1,1,1,1,0,0,-1,-1,-1,1,1,4,0.5714285714285714,MHIST_bmq,MHIST_bmq
0,1,0,1,0,0,0,-1,-1,-1,0,0,2,0.2857142857142857,MHIST_bmr,MHIST_bmr
1,0,0,1,0,1,0,-1,-1,-1,0,0,3,0.42857142857142855,MHIST_bmu,MHIST_bmu
0,0,0,1,0,0,0,-1,-1,-1,0,0,1,0.14285714285714285,MHIST_bmz,MHIST_bmz
0,0,0,0,0,1,0,-1,-1,-1,0,0,1,0.14285714285714285,MHIST_bna,MHIST_bna
0,0,1,0,0,1,0,-1,-1,-1,0,0,2,0.2857142857142857,MHIST_bng,MHIST_bng
0,0,1,0,0,0,0,-1,-1,-1,0,0,1,0.14285714285714285,MHIST_bnh,MHIST_bnh
0,1,1,1,1,1,1,-1,-1,-1,1,1,6,0.8571428571428571,MHIST_bnk,MHIST_bnk
0,0,0,0,0,0,0,-1,-1,-1,0,0,0,0.0,MHIST_bns,MHIST_bns
0,1,1,0,0,0,1,-1,-1,-1,0,0,3,0.42857142857142855,MHIST_bnt,MHIST_bnt
0,0,0,0,0,1,0,-1,-1,-1,0,0,1,0.14285714285714285,MHIST_bnu,MHIST_bnu
1,1,1,1,0,0,0,-1,-1,-1,1,1,4,0.5714285714285714,MHIST_bnx,MHIST_bnx
0,1,1,0,1,0,1,-1,-1,-1,1,1,4,0.5714285714285714,MHIST_bny,MHIST_bny
0,1,0,0,0,0,0,-1,-1,-1,0,0,1,0.14285714285714285,MHIST_bnz,MHIST_bnz
1,1,0,0,0,0,0,-1,-1,-1,0,0,2,0.2857142857142857,MHIST_boc,MHIST_boc
0,0,0,1,0,0,0,-1,-1,-1,0,0,1,0.14285714285714285,MHIST_bog,MHIST_bog
1,0,0,0,0,0,0,-1,-1,-1,0,0,1,0.14285714285714285,MHIST_boh,MHIST_boh
1,0,0,1,1,1,1,-1,-1,-1,1,1,5,0.7142857142857143,MHIST_boi,MHIST_boi
1,1,0,0,0,1,0,-1,-1,-1,0,0,3,0.42857142857142855,MHIST_boj,MHIST_boj
0,0,1,1,1,1,0,-1,-1,-1,1,1,4,0.5714285714285714,MHIST_bok,MHIST_bok
1,0,1,0,0,0,1,-1,-1,-1,0,0,3,0.42857142857142855,MHIST_bol,MHIST_bol
0,0,0,0,1,0,0,-1,-1,-1,0,0,1,0.14285714285714285,MHIST_boq,MHIST_boq
0,0,0,0,0,0,0,-1,-1,-1,0,0,0,0.0,MHIST_bou,MHIST_bou
1,0,0,1,0,0,0,-1,-1,-1,0,0,2,0.2857142857142857,MHIST_bpc,MHIST_bpc
0,0,1,0,0,0,0,-1,-1,-1,0,0,1,0.14285714285714285,MHIST_bpe,MHIST_bpe
1,0,0,1,1,1,1,-1,-1,-1,1,1,5,0.7142857142857143,MHIST_bpf,MHIST_bpf
0,0,0,0,0,0,0,-1,-1,-1,0,0,0,0.0,MHIST_bpq,MHIST_bpq
0,1,1,1,0,0,0,-1,-1,-1,0,0,3,0.42857142857142855,MHIST_bpr,MHIST_bpr
0,1,0,0,1,0,0,-1,-1,-1,0,0,2,0.2857142857142857,MHIST_bpt,MHIST_bpt
0,0,0,0,0,1,0,-1,-1,-1,0,0,1,0.14285714285714285,MHIST_bpv,MHIST_bpv
0,0,1,0,1,0,0,-1,-1,-1,0,0,2,0.2857142857142857,MHIST_bpw,MHIST_bpw
0,0,0,1,1,1,0,-1,-1,-1,0,0,3,0.42857142857142855,MHIST_bpy,MHIST_bpy
0,0,0,0,0,0,0,-1,-1,-1,0,0,0,0.0,MHIST_bqa,MHIST_bqa
0,0,0,0,0,0,0,-1,-1,-1,0,0,0,0.0,MHIST_bqf,MHIST_bqf
0,0,0,0,0,0,0,-1,-1,-1,0,0,0,0.0,MHIST_bqj,MHIST_bqj
0,1,0,0,0,1,0,-1,-1,-1,0,0,2,0.2857142857142857,MHIST_bqm,MHIST_bqm
0,0,0,0,0,0,0,-1,-1,-1,0,0,0,0.0,MHIST_bqp,MHIST_bqp
1,0,0,1,0,0,0,-1,-1,-1,0,0,2,0.2857142857142857,MHIST_bqt,MHIST_bqt
0,0,0,0,0,0,0,-1,-1,-1,0,0,0,0.0,MHIST_bqw,MHIST_bqw
0,0,0,0,0,0,0,-1,-1,-1,0,0,0,0.0,MHIST_bqx,MHIST_bqx
1,0,0,0,0,0,0,-1,-1,-1,0,0,1,0.14285714285714285,MHIST_bqy,MHIST_bqy
1,1,0,0,1,0,1,-1,-1,-1,1,1,4,0.5714285714285714,MHIST_bqz,MHIST_bqz
0,1,0,0,0,0,0,-1,-1,-1,0,0,1,0.14285714285714285,MHIST_bra,MHIST_bra
1,1,0,1,0,1,0,-1,-1,-1,1,1,4,0.5714285714285714,MHIST_brb,MHIST_brb
1,0,0,0,0,1,0,-1,-1,-1,0,0,2,0.2857142857142857,MHIST_brc,MHIST_brc
0,0,0,0,1,0,0,-1,-1,-1,0,0,1,0.14285714285714285,MHIST_brd,MHIST_brd
0,0,0,0,0,0,0,-1,-1,-1,0,0,0,0.0,MHIST_brf,MHIST_brf
0,0,0,0,0,0,0,-1,-1,-1,0,0,0,0.0,MHIST_brg,MHIST_brg
0,0,0,0,0,0,0,-1,-1,-1,0,0,0,0.0,MHIST_brh,MHIST_brh
0,0,0,0,0,0,0,-1,-1,-1,0,0,0,0.0,MHIST_bri,MHIST_bri
0,0,0,0,0,0,0,-1,-1,-1,0,0,0,0.0,MHIST_brj,MHIST_brj
0,0,0,0,0,0,0,-1,-1,-1,0,0,0,0.0,MHIST_brk,MHIST_brk
0,0,0,0,0,0,1,-1,-1,-1,0,0,1,0.14285714285714285,MHIST_brn,MHIST_brn
0,1,0,0,0,0,0,-1,-1,-1,0,0,1,0.14285714285714285,MHIST_brq,MHIST_brq
0,0,0,0,0,0,0,-1,-1,-1,0,0,0,0.0,MHIST_bry,MHIST_bry
0,0,0,0,0,0,0,-1,-1,-1,0,0,0,0.0,MHIST_brz,MHIST_brz
0,0,0,0,0,0,1,-1,-1,-1,0,0,1,0.14285714285714285,MHIST_bsb,MHIST_bsb
1,0,0,0,0,0,0,-1,-1,-1,0,0,1,0.14285714285714285,MHIST_bsg,MHIST_bsg
1,0,0,0,0,1,0,-1,-1,-1,0,0,2,0.2857142857142857,MHIST_bsi,MHIST_bsi
0,0,0,0,0,0,0,-1,-1,-1,0,0,0,0.0,MHIST_bsl,MHIST_bsl
0,1,1,0,1,1,0,-1,-1,-1,1,1,4,0.5714285714285714,MHIST_bsm,MHIST_bsm
0,0,0,0,0,0,0,-1,-1,-1,0,0,0,0.0,MHIST_bsn,MHIST_bsn
0,1,1,1,0,0,0,-1,-1,-1,0,0,3,0.42857142857142855,MHIST_bso,MHIST_bso
0,0,0,0,0,0,0,-1,-1,-1,0,0,0,0.0,MHIST_bsp,MHIST_bsp
0,1,0,0,0,0,1,-1,-1,-1,0,0,2,0.2857142857142857,MHIST_bst,MHIST_bst
1,0,0,0,0,0,0,-1,-1,-1,0,0,1,0.14285714285714285,MHIST_bsv,MHIST_bsv
0,1,0,0,1,0,0,-1,-1,-1,0,0,2,0.2857142857142857,MHIST_btc,MHIST_btc
1,0,0,0,0,0,1,-1,-1,-1,0,0,2,0.2857142857142857,MHIST_bte,MHIST_bte
0,0,0,1,1,0,1,-1,-1,-1,0,0,3,0.42857142857142855,MHIST_btg,MHIST_btg
1,1,0,0,0,1,0,-1,-1,-1,0,0,3,0.42857142857142855,MHIST_btj,MHIST_btj
0,0,1,1,1,0,0,-1,-1,-1,0,0,3,0.42857142857142855,MHIST_bto,MHIST_bto
1,1,1,0,1,0,0,-1,-1,-1,1,1,4,0.5714285714285714,MHIST_btp,MHIST_btp
0,0,0,1,0,0,0,-1,-1,-1,0,0,1,0.14285714285714285,MHIST_btq,MHIST_btq
0,0,0,0,0,0,1,-1,-1,-1,0,0,1,0.14285714285714285,MHIST_bts,MHIST_bts
0,0,0,0,1,0,1,-1,-1,-1,0,0,2,0.2857142857142857,MHIST_btv,MHIST_btv
1,0,0,0,0,0,1,-1,-1,-1,0,0,2,0.2857142857142857,MHIST_btw,MHIST_btw
0,0,1,0,0,0,1,-1,-1,-1,0,0,2,0.2857142857142857,MHIST_btx,MHIST_btx
1,0,0,1,0,0,1,-1,-1,-1,0,0,3,0.42857142857142855,MHIST_bua,MHIST_bua
1,0,0,0,1,0,0,-1,-1,-1,0,0,2,0.2857142857142857,MHIST_buc,MHIST_buc
1,1,1,0,0,0,1,-1,-1,-1,1,1,4,0.5714285714285714,MHIST_buf,MHIST_buf
0,0,0,0,0,0,0,-1,-1,-1,0,0,0,0.0,MHIST_bui,MHIST_bui
1,1,1,1,0,0,0,-1,-1,-1,1,1,4,0.5714285714285714,MHIST_buk,MHIST_buk
0,0,0,0,0,0,0,-1,-1,-1,0,0,0,0.0,MHIST_bul,MHIST_bul
0,0,1,0,0,0,0,-1,-1,-1,0,0,1,0.14285714285714285,MHIST_bun,MHIST_bun
1,1,0,1,1,1,0,-1,-1,-1,1,1,5,0.7142857142857143,MHIST_bup,MHIST_bup
0,0,0,1,0,0,0,-1,-1,-1,0,0,1,0.14285714285714285,MHIST_bus,MHIST_bus
0,0,1,0,1,0,0,-1,-1,-1,0,0,2,0.2857142857142857,MHIST_but,MHIST_but
0,0,0,0,0,1,0,-1,-1,-1,0,0,1,0.14285714285714285,MHIST_buu,MHIST_buu
0,0,0,1,0,0,0,-1,-1,-1,0,0,1,0.14285714285714285,MHIST_buw,MHIST_buw
0,0,0,1,0,0,0,-1,-1,-1,0,0,1,0.14285714285714285,MHIST_buy,MHIST_buy
0,0,0,0,0,0,0,-1,-1,-1,0,0,0,0.0,MHIST_buz,MHIST_buz
0,0,0,1,0,0,0,-1,-1,-1,0,0,1,0.14285714285714285,MHIST_bvd,MHIST_bvd
0,0,0,0,0,0,0,-1,-1,-1,0,0,0,0.0,MHIST_bve,MHIST_bve
0,0,0,0,0,0,0,-1,-1,-1,0,0,0,0.0,MHIST_bvf,MHIST_bvf
1,1,0,1,0,1,0,-1,-1,-1,1,1,4,0.5714285714285714,MHIST_bvg,MHIST_bvg
0,0,1,0,1,1,1,-1,-1,-1,1,1,4,0.5714285714285714,MHIST_bvh,MHIST_bvh
0,0,1,0,0,0,0,-1,-1,-1,0,0,1,0.14285714285714285,MHIST_bvi,MHIST_bvi
0,0,0,0,0,0,1,-1,-1,-1,0,0,1,0.14285714285714285,MHIST_bvm,MHIST_bvm
0,0,0,0,0,1,0,-1,-1,-1,0,0,1,0.14285714285714285,MHIST_bvo,MHIST_bvo
0,1,1,0,0,1,0,-1,-1,-1,0,0,3,0.42857142857142855,MHIST_bvr,MHIST_bvr
0,0,0,0,0,1,0,-1,-1,-1,0,0,1,0.14285714285714285,MHIST_bvt,MHIST_bvt
1,1,0,0,0,0,0,-1,-1,-1,0,0,2,0.2857142857142857,MHIST_bvw,MHIST_bvw
0,0,0,0,0,1,1,-1,-1,-1,0,0,2,0.2857142857142857,MHIST_bwb,MHIST_bwb
0,0,0,1,1,0,0,-1,-1,-1,0,0,2,0.2857142857142857,MHIST_bwd,MHIST_bwd
1,0,0,0,0,1,0,-1,-1,-1,0,0,2,0.2857142857142857,MHIST_bwe,MHIST_bwe
0,0,0,0,0,0,0,-1,-1,-1,0,0,0,0.0,MHIST_bwf,MHIST_bwf
1,1,1,0,0,1,1,-1,-1,-1,1,1,5,0.7142857142857143,MHIST_bwi,MHIST_bwi
0,1,1,0,0,1,0,-1,-1,-1,0,0,3,0.42857142857142855,MHIST_bwj,MHIST_bwj
0,0,0,0,0,0,1,-1,-1,-1,0,0,1,0.14285714285714285,MHIST_bwk,MHIST_bwk
0,1,0,0,0,0,0,-1,-1,-1,0,0,1,0.14285714285714285,MHIST_bwm,MHIST_bwm
0,0,1,0,0,0,0,-1,-1,-1,0,0,1,0.14285714285714285,MHIST_bwn,MHIST_bwn
0,1,0,0,1,0,0,-1,-1,-1,0,0,2,0.2857142857142857,MHIST_bwp,MHIST_bwp
1,0,0,0,0,0,0,-1,-1,-1,0,0,1,0.14285714285714285,MHIST_bwq,MHIST_bwq
0,0,0,0,0,0,0,-1,-1,-1,0,0,0,0.0,MHIST_bwr,MHIST_bwr
0,0,0,0,0,0,0,-1,-1,-1,0,0,0,0.0,MHIST_bwv,MHIST_bwv
1,0,0,1,1,1,1,-1,-1,-1,1,1,5,0.7142857142857143,MHIST_bwx,MHIST_bwx
0,1,0,0,0,0,0,-1,-1,-1,0,0,1,0.14285714285714285,MHIST_bwy,MHIST_bwy
0,0,0,0,0,1,0,-1,-1,-1,0,0,1,0.14285714285714285,MHIST_bxa,MHIST_bxa
0,0,0,0,1,0,0,-1,-1,-1,0,0,1,0.14285714285714285,MHIST_bxd,MHIST_bxd
1,0,0,1,0,0,0,-1,-1,-1,0,0,2,0.2857142857142857,MHIST_bxh,MHIST_bxh
0,0,0,0,0,0,0,-1,-1,-1,0,0,0,0.0,MHIST_bxj,MHIST_bxj
0,0,1,0,1,0,1,-1,-1,-1,0,0,3,0.42857142857142855,MHIST_bxl,MHIST_bxl
0,0,0,0,0,0,0,-1,-1,-1,0,0,0,0.0,MHIST_bxm,MHIST_bxm
0,0,0,0,0,0,0,-1,-1,-1,0,0,0,0.0,MHIST_bxn,MHIST_bxn
0,1,1,1,0,1,1,-1,-1,-1,1,1,5,0.7142857142857143,MHIST_bxs,MHIST_bxs
0,0,1,0,0,0,1,-1,-1,-1,0,0,2,0.2857142857142857,MHIST_bxw,MHIST_bxw
0,0,0,1,0,0,0,-1,-1,-1,0,0,1,0.14285714285714285,MHIST_byc,MHIST_byc
0,0,0,0,0,1,0,-1,-1,-1,0,0,1,0.14285714285714285,MHIST_byd,MHIST_byd
1,1,0,0,1,0,0,-1,-1,-1,0,0,3,0.42857142857142855,MHIST_byj,MHIST_byj
0,1,0,0,1,1,0,-1,-1,-1,0,0,3,0.42857142857142855,MHIST_byn,MHIST_byn
1,0,0,0,0,0,0,-1,-1,-1,0,0,1,0.14285714285714285,MHIST_byo,MHIST_byo
0,0,0,0,0,1,0,-1,-1,-1,0,0,1,0.14285714285714285,MHIST_byp,MHIST_byp
0,0,0,0,0,0,1,-1,-1,-1,0,0,1,0.14285714285714285,MHIST_bys,MHIST_bys
0,0,0,0,1,1,0,-1,-1,-1,0,0,2,0.2857142857142857,MHIST_byt,MHIST_byt
1,0,0,0,0,0,0,-1,-1,-1,0,0,1,0.14285714285714285,MHIST_byx,MHIST_byx
0,0,1,1,0,1,0,-1,-1,-1,0,0,3,0.42857142857142855,MHIST_bzb,MHIST_bzb
0,0,0,0,0,0,0,-1,-1,-1,0,0,0,0.0,MHIST_bzd,MHIST_bzd
0,1,0,1,0,1,1,-1,-1,-1,1,1,4,0.5714285714285714,MHIST_bzf,MHIST_bzf
0,0,0,0,0,0,0,-1,-1,-1,0,0,0,0.0,MHIST_bzg,MHIST_bzg
0,0,0,0,0,1,0,-1,-1,-1,0,0,1,0.14285714285714285,MHIST_bzj,MHIST_bzj
0,0,0,0,0,0,0,-1,-1,-1,0,0,0,0.0,MHIST_bzp,MHIST_bzp
0,0,0,0,0,0,0,-1,-1,-1,0,0,0,0.0,MHIST_bzq,MHIST_bzq
0,0,0,0,0,0,0,-1,-1,-1,0,0,0,0.0,MHIST_bzt,MHIST_bzt
1,0,0,0,1,1,0,-1,-1,-1,0,0,3,0.42857142857142855,MHIST_bzv,MHIST_bzv
0,0,0,0,1,0,0,-1,-1,-1,0,0,1,0.14285714285714285,MHIST_bzy,MHIST_bzy
0,1,0,1,0,0,0,-1,-1,-1,0,0,2,0.2857142857142857,MHIST_bzz,MHIST_bzz
0,1,0,1,0,0,0,-1,-1,-1,0,0,2,0.2857142857142857,MHIST_cae,MHIST_cae
0,0,0,0,0,0,0,-1,-1,-1,0,0,0,0.0,MHIST_cah,MHIST_cah
1,0,1,1,1,1,1,-1,-1,-1,1,1,6,0.8571428571428571,MHIST_caj,MHIST_caj
0,0,1,0,0,0,0,-1,-1,-1,0,0,1,0.14285714285714285,MHIST_cak,MHIST_cak
1,0,1,0,0,0,1,-1,-1,-1,0,0,3,0.42857142857142855,MHIST_cal,MHIST_cal
0,1,0,0,0,0,0,-1,-1,-1,0,0,1,0.14285714285714285,MHIST_caq,MHIST_caq
0,0,0,0,0,0,1,-1,-1,-1,0,0,1,0.14285714285714285,MHIST_cas,MHIST_cas
0,0,0,0,0,0,0,-1,-1,-1,0,0,0,0.0,MHIST_cav,MHIST_cav
1,0,0,0,0,0,0,-1,-1,-1,0,0,1,0.14285714285714285,MHIST_caw,MHIST_caw
0,1,1,1,0,1,0,-1,-1,-1,1,1,4,0.5714285714285714,MHIST_cay,MHIST_cay
0,0,0,0,0,0,0,-1,-1,-1,0,0,0,0.0,MHIST_caz,MHIST_caz
0,0,0,0,0,0,0,-1,-1,-1,0,0,0,0.0,MHIST_cba,MHIST_cba
1,0,1,1,0,1,1,-1,-1,-1,1,1,5,0.7142857142857143,MHIST_cbe,MHIST_cbe
0,0,0,0,0,0,0,-1,-1,-1,0,0,0,0.0,MHIST_cbf,MHIST_cbf
0,1,0,0,1,1,1,-1,-1,-1,1,1,4,0.5714285714285714,MHIST_cbh,MHIST_cbh
0,1,0,0,0,0,0,-1,-1,-1,0,0,1,0.14285714285714285,MHIST_cbi,MHIST_cbi
0,0,0,0,0,1,0,-1,-1,-1,0,0,1,0.14285714285714285,MHIST_cbk,MHIST_cbk
0,0,0,0,0,0,0,-1,-1,-1,0,0,0,0.0,MHIST_cbm,MHIST_cbm
0,0,0,0,0,0,0,-1,-1,-1,0,0,0,0.0,MHIST_cbn,MHIST_cbn
0,0,0,0,0,0,1,-1,-1,-1,0,0,1,0.14285714285714285,MHIST_cbp,MHIST_cbp
0,0,0,0,0,0,0,-1,-1,-1,0,0,0,0.0,MHIST_cbr,MHIST_cbr
0,0,0,0,0,0,0,-1,-1,-1,0,0,0,0.0,MHIST_cbs,MHIST_cbs
0,0,0,0,1,0,0,-1,-1,-1,0,0,1,0.14285714285714285,MHIST_cbt,MHIST_cbt
1,1,0,1,1,1,0,-1,-1,-1,1,1,5,0.7142857142857143,MHIST_cbv,MHIST_cbv
0,1,0,0,0,1,0,-1,-1,-1,0,0,2,0.2857142857142857,MHIST_cbw,MHIST_cbw
0,0,0,0,0,0,0,-1,-1,-1,0,0,0,0.0,MHIST_cby,MHIST_cby
0,0,0,0,0,0,0,-1,-1,-1,0,0,0,0.0,MHIST_cbz,MHIST_cbz
0,0,0,0,1,0,0,-1,-1,-1,0,0,1,0.14285714285714285,MHIST_cca,MHIST_cca
0,1,1,1,1,1,1,-1,-1,-1,1,1,6,0.8571428571428571,MHIST_ccc,MHIST_ccc
0,0,0,0,0,0,1,-1,-1,-1,0,0,1,0.14285714285714285,MHIST_ccg,MHIST_ccg
1,0,1,0,0,0,1,-1,-1,-1,0,0,3,0.42857142857142855,MHIST_cch,MHIST_cch
0,0,0,0,0,0,0,-1,-1,-1,0,0,0,0.0,MHIST_cci,MHIST_cci
1,0,0,0,0,0,0,-1,-1,-1,0,0,1,0.14285714285714285,MHIST_ccj,MHIST_ccj
0,0,0,0,0,0,0,-1,-1,-1,0,0,0,0.0,MHIST_cck,MHIST_cck
0,0,0,0,0,0,0,-1,-1,-1,0,0,0,0.0,MHIST_ccp,MHIST_ccp
0,0,0,0,0,0,0,-1,-1,-1,0,0,0,0.0,MHIST_ccq,MHIST_ccq
0,0,1,1,0,1,1,-1,-1,-1,1,1,4,0.5714285714285714,MHIST_ccs,MHIST_ccs
0,0,0,0,0,0,0,-1,-1,-1,0,0,0,0.0,MHIST_ccw,MHIST_ccw
0,0,0,0,0,0,0,-1,-1,-1,0,0,0,0.0,MHIST_ccx,MHIST_ccx
0,0,0,0,0,0,0,-1,-1,-1,0,0,0,0.0,MHIST_ccy,MHIST_ccy
1,0,0,1,0,0,0,-1,-1,-1,0,0,2,0.2857142857142857,MHIST_ccz,MHIST_ccz
0,0,0,0,0,0,0,-1,-1,-1,0,0,0,0.0,MHIST_cda,MHIST_cda
0,0,0,0,0,1,0,-1,-1,-1,0,0,1,0.14285714285714285,MHIST_cdc,MHIST_cdc
1,0,0,1,0,0,0,-1,-1,-1,0,0,2,0.2857142857142857,MHIST_cdh,MHIST_cdh
0,1,0,0,0,1,1,-1,-1,-1,0,0,3,0.42857142857142855,MHIST_cdi,MHIST_cdi
0,0,1,1,1,0,0,-1,-1,-1,0,0,3,0.42857142857142855,MHIST_cdj,MHIST_cdj
0,1,0,0,0,0,0,-1,-1,-1,0,0,1,0.14285714285714285,MHIST_cdm,MHIST_cdm
0,0,0,0,0,0,0,-1,-1,-1,0,0,0,0.0,MHIST_cdq,MHIST_cdq
1,0,0,0,1,1,1,-1,-1,-1,1,1,4,0.5714285714285714,MHIST_cds,MHIST_cds
0,0,0,0,0,0,0,-1,-1,-1,0,0,0,0.0,MHIST_cdt,MHIST_cdt
0,1,0,0,1,1,0,-1,-1,-1,0,0,3,0.42857142857142855,MHIST_cdv,MHIST_cdv
0,0,0,0,1,1,0,-1,-1,-1,0,0,2,0.2857142857142857,MHIST_cea,MHIST_cea
0,1,0,0,0,0,0,-1,-1,-1,0,0,1,0.14285714285714285,MHIST_cec,MHIST_cec
1,1,0,1,0,1,1,-1,-1,-1,1,1,5,0.7142857142857143,MHIST_ced,MHIST_ced
0,0,0,0,0,0,0,-1,-1,-1,0,0,0,0.0,MHIST_cee,MHIST_cee
0,0,0,1,0,0,0,-1,-1,-1,0,0,1,0.14285714285714285,MHIST_cef,MHIST_cef
1,0,1,0,0,1,0,-1,-1,-1,0,0,3,0.42857142857142855,MHIST_ceh,MHIST_ceh
0,1,1,0,0,0,1,-1,-1,-1,0,0,3,0.42857142857142855,MHIST_cej,MHIST_cej
1,0,0,0,0,1,1,-1,-1,-1,0,0,3,0.42857142857142855,MHIST_cen,MHIST_cen
0,1,1,0,1,0,0,-1,-1,-1,0,0,3,0.42857142857142855,MHIST_cep,MHIST_cep
1,1,0,1,1,0,0,-1,-1,-1,1,1,4,0.5714285714285714,MHIST_ceq,MHIST_ceq
0,1,0,1,0,0,0,-1,-1,-1,0,0,2,0.2857142857142857,MHIST_cer,MHIST_cer
0,0,1,1,0,1,0,-1,-1,-1,0,0,3,0.42857142857142855,MHIST_cet,MHIST_cet
0,0,1,0,0,0,0,-1,-1,-1,0,0,1,0.14285714285714285,MHIST_cex,MHIST_cex
0,0,0,1,0,0,0,-1,-1,-1,0,0,1,0.14285714285714285,MHIST_cey,MHIST_cey
0,0,0,0,0,1,0,-1,-1,-1,0,0,1,0.14285714285714285,MHIST_cfa,MHIST_cfa
0,0,0,1,0,0,0,-1,-1,-1,0,0,1,0.14285714285714285,MHIST_cfe,MHIST_cfe
0,0,1,0,1,0,0,-1,-1,-1,0,0,2,0.2857142857142857,MHIST_cff,MHIST_cff
0,0,0,0,0,0,0,-1,-1,-1,0,0,0,0.0,MHIST_cfh,MHIST_cfh
0,0,1,0,0,0,0,-1,-1,-1,0,0,1,0.14285714285714285,MHIST_cfj,MHIST_cfj
1,1,1,1,1,1,0,-1,-1,-1,1,1,6,0.8571428571428571,MHIST_cfk,MHIST_cfk
0,0,0,0,0,0,0,-1,-1,-1,0,0,0,0.0,MHIST_cfl,MHIST_cfl
0,0,0,0,0,0,0,-1,-1,-1,0,0,0,0.0,MHIST_cfm,MHIST_cfm
0,1,1,1,0,1,1,-1,-1,-1,1,1,5,0.7142857142857143,MHIST_cfo,MHIST_cfo
0,0,1,1,0,0,0,-1,-1,-1,0,0,2,0.2857142857142857,MHIST_cfr,MHIST_cfr
0,0,0,1,1,1,0,-1,-1,-1,0,0,3,0.42857142857142855,MHIST_cfs,MHIST_cfs
0,1,1,0,0,0,0,-1,-1,-1,0,0,2,0.2857142857142857,MHIST_cfv,MHIST_cfv
0,0,0,0,0,1,1,-1,-1,-1,0,0,2,0.2857142857142857,MHIST_cfw,MHIST_cfw
1,0,0,1,0,1,1,-1,-1,-1,1,1,4,0.5714285714285714,MHIST_cfz,MHIST_cfz
0,0,0,1,0,0,0,-1,-1,-1,0,0,1,0.14285714285714285,MHIST_cga,MHIST_cga
0,0,1,1,0,1,0,-1,-1,-1,0,0,3,0.42857142857142855,MHIST_cge,MHIST_cge
0,0,0,0,0,1,0,-1,-1,-1,0,0,1,0.14285714285714285,MHIST_cgg,MHIST_cgg
0,1,0,0,0,0,0,-1,-1,-1,0,0,1,0.14285714285714285,MHIST_cgh,MHIST_cgh
0,0,0,0,0,0,0,-1,-1,-1,0,0,0,0.0,MHIST_cgj,MHIST_cgj
0,0,0,0,0,0,0,-1,-1,-1,0,0,0,0.0,MHIST_cgl,MHIST_cgl
0,0,0,0,0,1,0,-1,-1,-1,0,0,1,0.14285714285714285,MHIST_cgm,MHIST_cgm
0,0,0,0,0,0,0,-1,-1,-1,0,0,0,0.0,MHIST_cgn,MHIST_cgn
0,0,0,0,1,0,0,-1,-1,-1,0,0,1,0.14285714285714285,MHIST_cgq,MHIST_cgq
0,0,0,1,1,0,0,-1,-1,-1,0,0,2,0.2857142857142857,MHIST_cgr,MHIST_cgr
0,0,0,0,0,0,1,-1,-1,-1,0,0,1,0.14285714285714285,MHIST_cgy,MHIST_cgy
1,0,1,0,0,1,1,-1,-1,-1,1,1,4,0.5714285714285714,MHIST_cgz,MHIST_cgz
0,0,0,0,0,0,0,-1,-1,-1,0,0,0,0.0,MHIST_chb,MHIST_chb
1,0,0,0,1,0,0,-1,-1,-1,0,0,2,0.2857142857142857,MHIST_chc,MHIST_chc
1,0,1,0,1,0,1,-1,-1,-1,1,1,4,0.5714285714285714,MHIST_chf,MHIST_chf
0,0,1,1,0,0,1,-1,-1,-1,0,0,3,0.42857142857142855,MHIST_chh,MHIST_chh
1,0,0,0,0,0,1,-1,-1,-1,0,0,2,0.2857142857142857,MHIST_chi,MHIST_chi
0,0,1,0,0,0,0,-1,-1,-1,0,0,1,0.14285714285714285,MHIST_chj,MHIST_chj
0,0,1,1,1,0,0,-1,-1,-1,0,0,3,0.42857142857142855,MHIST_chk,MHIST_chk
1,0,0,1,1,0,0,-1,-1,-1,0,0,3,0.42857142857142855,MHIST_chm,MHIST_chm
1,1,1,0,0,0,1,-1,-1,-1,1,1,4,0.5714285714285714,MHIST_chn,MHIST_chn
0,0,1,1,0,0,0,-1,-1,-1,0,0,2,0.2857142857142857,MHIST_chq,MHIST_chq
0,0,0,0,0,0,0,-1,-1,-1,0,0,0,0.0,MHIST_chw,MHIST_chw
0,0,0,1,0,0,0,-1,-1,-1,0,0,1,0.14285714285714285,MHIST_chx,MHIST_chx
1,0,0,0,0,0,0,-1,-1,-1,0,0,1,0.14285714285714285,MHIST_chy,MHIST_chy
0,0,1,0,0,1,0,-1,-1,-1,0,0,2,0.2857142857142857,MHIST_cif,MHIST_cif
0,0,0,0,0,1,0,-1,-1,-1,0,0,1,0.14285714285714285,MHIST_cih,MHIST_cih
0,0,0,0,0,0,1,-1,-1,-1,0,0,1,0.14285714285714285,MHIST_cii,MHIST_cii
0,0,1,0,0,1,0,-1,-1,-1,0,0,2,0.2857142857142857,MHIST_cij,MHIST_cij
0,1,0,0,0,1,1,-1,-1,-1,0,0,3,0.42857142857142855,MHIST_cik,MHIST_cik
0,0,0,0,0,0,0,-1,-1,-1,0,0,0,0.0,MHIST_cip,MHIST_cip
0,0,0,0,0,1,0,-1,-1,-1,0,0,1,0.14285714285714285,MHIST_ciq,MHIST_ciq
0,0,0,0,0,0,1,-1,-1,-1,0,0,1,0.14285714285714285,MHIST_cir,MHIST_cir
0,0,0,0,0,0,0,-1,-1,-1,0,0,0,0.0,MHIST_cis,MHIST_cis
0,1,0,0,0,1,0,-1,-1,-1,0,0,2,0.2857142857142857,MHIST_cit,MHIST_cit
0,0,0,0,0,0,0,-1,-1,-1,0,0,0,0.0,MHIST_civ,MHIST_civ
1,0,0,1,0,1,1,-1,-1,-1,1,1,4,0.5714285714285714,MHIST_cix,MHIST_cix
1,0,0,0,0,0,0,-1,-1,-1,0,0,1,0.14285714285714285,MHIST_ciy,MHIST_ciy
0,0,1,0,1,0,1,-1,-1,-1,0,0,3,0.42857142857142855,MHIST_ciz,MHIST_ciz
0,0,0,1,0,0,0,-1,-1,-1,0,0,1,0.14285714285714285,MHIST_cjb,MHIST_cjb
0,0,0,1,0,0,0,-1,-1,-1,0,0,1,0.14285714285714285,MHIST_cjd,MHIST_cjd
0,0,0,0,0,1,0,-1,-1,-1,0,0,1,0.14285714285714285,MHIST_cjg,MHIST_cjg
0,0,0,0,0,0,0,-1,-1,-1,0,0,0,0.0,MHIST_cjh,MHIST_cjh
0,0,1,0,0,0,0,-1,-1,-1,0,0,1,0.14285714285714285,MHIST_cjj,MHIST_cjj
0,0,0,0,0,0,0,-1,-1,-1,0,0,0,0.0,MHIST_cjm,MHIST_cjm
1,0,0,0,0,0,0,-1,-1,-1,0,0,1,0.14285714285714285,MHIST_cjp,MHIST_cjp
0,0,1,0,0,0,0,-1,-1,-1,0,0,1,0.14285714285714285,MHIST_cju,MHIST_cju
0,1,0,0,1,0,0,-1,-1,-1,0,0,2,0.2857142857142857,MHIST_cjw,MHIST_cjw
0,1,0,1,1,1,0,-1,-1,-1,1,1,4,0.5714285714285714,MHIST_cjx,MHIST_cjx
0,0,0,0,0,0,0,-1,-1,-1,0,0,0,0.0,MHIST_cjy,MHIST_cjy
0,0,0,0,0,0,0,-1,-1,-1,0,0,0,0.0,MHIST_cjz,MHIST_cjz
1,1,0,0,0,0,0,-1,-1,-1,0,0,2,0.2857142857142857,MHIST_cka,MHIST_cka
0,0,0,0,0,1,0,-1,-1,-1,0,0,1,0.14285714285714285,MHIST_ckd,MHIST_ckd
0,0,0,1,0,0,0,-1,-1,-1,0,0,1,0.14285714285714285,MHIST_cke,MHIST_cke
0,1,0,1,1,1,0,-1,-1,-1,1,1,4,0.5714285714285714,MHIST_ckg,MHIST_ckg
0,0,0,0,0,0,0,-1,-1,-1,0,0,0,0.0,MHIST_ckj,MHIST_ckj
0,0,0,1,0,0,0,-1,-1,-1,0,0,1,0.14285714285714285,MHIST_ckk,MHIST_ckk
0,0,0,0,0,0,0,-1,-1,-1,0,0,0,0.0,MHIST_ckm,MHIST_ckm
0,0,0,0,0,0,0,-1,-1,-1,0,0,0,0.0,MHIST_cko,MHIST_cko
0,0,1,0,0,0,0,-1,-1,-1,0,0,1,0.14285714285714285,MHIST_ckp,MHIST_ckp
1,1,0,0,0,1,1,-1,-1,-1,1,1,4,0.5714285714285714,MHIST_ckq,MHIST_ckq
0,1,0,0,0,0,0,-1,-1,-1,0,0,1,0.14285714285714285,MHIST_ckr,MHIST_ckr
0,1,0,0,1,0,1,-1,-1,-1,0,0,3,0.42857142857142855,MHIST_ckt,MHIST_ckt
0,1,0,1,0,0,0,-1,-1,-1,0,0,2,0.2857142857142857,MHIST_cky,MHIST_cky
1,1,0,1,1,0,0,-1,-1,-1,1,1,4,0.5714285714285714,MHIST_clc,MHIST_clc
0,0,0,0,0,0,0,-1,-1,-1,0,0,0,0.0,MHIST_cle,MHIST_cle
0,0,1,1,0,1,0,-1,-1,-1,0,0,3,0.42857142857142855,MHIST_cli,MHIST_cli
0,1,1,1,0,0,0,-1,-1,-1,0,0,3,0.42857142857142855,MHIST_clj,MHIST_clj
0,0,0,0,0,0,0,-1,-1,-1,0,0,0,0.0,MHIST_clk,MHIST_clk
0,0,0,0,1,0,0,-1,-1,-1,0,0,1,0.14285714285714285,MHIST_clm,MHIST_clm
0,0,0,1,1,0,0,-1,-1,-1,0,0,2,0.2857142857142857,MHIST_clp,MHIST_clp
0,0,0,0,0,0,0,-1,-1,-1,0,0,0,0.0,MHIST_clq,MHIST_clq
1,0,0,0,0,0,0,-1,-1,-1,0,0,1,0.14285714285714285,MHIST_clr,MHIST_clr
0,0,0,0,0,0,0,-1,-1,-1,0,0,0,0.0,MHIST_cls,MHIST_cls
0,0,0,0,0,0,1,-1,-1,-1,0,0,1,0.14285714285714285,MHIST_clu,MHIST_clu
0,0,0,0,0,0,0,-1,-1,-1,0,0,0,0.0,MHIST_clv,MHIST_clv
1,0,0,1,0,0,0,-1,-1,-1,0,0,2,0.2857142857142857,MHIST_cly,MHIST_cly
0,0,0,0,0,0,0,-1,-1,-1,0,0,0,0.0,MHIST_cmb,MHIST_cmb
0,0,0,0,0,0,0,-1,-1,-1,0,0,0,0.0,MHIST_cmk,MHIST_cmk
0,0,0,1,0,0,1,-1,-1,-1,0,0,2,0.2857142857142857,MHIST_cmm,MHIST_cmm
1,0,1,0,1,0,1,-1,-1,-1,1,1,4,0.5714285714285714,MHIST_cmp,MHIST_cmp
0,0,0,0,1,1,0,-1,-1,-1,0,0,2,0.2857142857142857,MHIST_cmq,MHIST_cmq
0,1,0,0,1,0,1,-1,-1,-1,0,0,3,0.42857142857142855,MHIST_cmr,MHIST_cmr
0,0,0,0,0,0,0,-1,-1,-1,0,0,0,0.0,MHIST_cmu,MHIST_cmu
0,0,0,0,0,1,0,-1,-1,-1,0,0,1,0.14285714285714285,MHIST_cmv,MHIST_cmv
0,0,0,0,0,0,0,-1,-1,-1,0,0,0,0.0,MHIST_cmx,MHIST_cmx
0,0,0,1,0,0,0,-1,-1,-1,0,0,1,0.14285714285714285,MHIST_cna,MHIST_cna
1,0,1,0,0,1,0,-1,-1,-1,0,0,3,0.42857142857142855,MHIST_cnf,MHIST_cnf
0,0,1,0,0,0,0,-1,-1,-1,0,0,1,0.14285714285714285,MHIST_cnj,MHIST_cnj
0,0,0,0,1,0,0,-1,-1,-1,0,0,1,0.14285714285714285,MHIST_cno,MHIST_cno
0,0,0,0,0,0,1,-1,-1,-1,0,0,1,0.14285714285714285,MHIST_cnq,MHIST_cnq
1,1,1,0,1,1,1,-1,-1,-1,1,1,6,0.8571428571428571,MHIST_cnu,MHIST_cnu
0,0,0,0,0,1,1,-1,-1,-1,0,0,2,0.2857142857142857,MHIST_coa,MHIST_coa
0,1,0,1,0,0,0,-1,-1,-1,0,0,2,0.2857142857142857,MHIST_cob,MHIST_cob
0,1,0,0,1,0,0,-1,-1,-1,0,0,2,0.2857142857142857,MHIST_coe,MHIST_coe
0,0,0,0,0,0,0,-1,-1,-1,0,0,0,0.0,MHIST_cof,MHIST_cof
0,0,0,0,0,0,1,-1,-1,-1,0,0,1,0.14285714285714285,MHIST_cog,MHIST_cog
0,0,1,0,0,0,0,-1,-1,-1,0,0,1,0.14285714285714285,MHIST_coi,MHIST_coi
0,0,0,0,0,0,0,-1,-1,-1,0,0,0,0.0,MHIST_col,MHIST_col
0,0,0,0,0,0,0,-1,-1,-1,0,0,0,0.0,MHIST_com,MHIST_com
0,1,0,0,0,0,0,-1,-1,-1,0,0,1,0.14285714285714285,MHIST_coo,MHIST_coo
0,0,1,1,0,0,0,-1,-1,-1,0,0,2,0.2857142857142857,MHIST_cos,MHIST_cos
0,0,0,0,0,0,0,-1,-1,-1,0,0,0,0.0,MHIST_cou,MHIST_cou
0,0,0,0,0,0,0,-1,-1,-1,0,0,0,0.0,MHIST_cow,MHIST_cow
0,0,0,0,0,0,0,-1,-1,-1,0,0,0,0.0,MHIST_coz,MHIST_coz
0,0,0,0,0,1,1,-1,-1,-1,0,0,2,0.2857142857142857,MHIST_cpa,MHIST_cpa
0,0,1,0,0,0,1,-1,-1,-1,0,0,2,0.2857142857142857,MHIST_cpb,MHIST_cpb
0,0,0,1,1,1,0,-1,-1,-1,0,0,3,0.42857142857142855,MHIST_cpf,MHIST_cpf
1,1,0,1,1,0,1,-1,-1,-1,1,1,5,0.7142857142857143,MHIST_cpg,MHIST_cpg
1,0,0,0,0,0,0,-1,-1,-1,0,0,1,0.14285714285714285,MHIST_cpj,MHIST_cpj
1,0,1,0,0,1,0,-1,-1,-1,0,0,3,0.42857142857142855,MHIST_cpl,MHIST_cpl
1,0,0,0,0,0,0,-1,-1,-1,0,0,1,0.14285714285714285,MHIST_cpp,MHIST_cpp
0,0,1,1,0,0,0,-1,-1,-1,0,0,2,0.2857142857142857,MHIST_cpv,MHIST_cpv
1,1,1,0,0,1,1,-1,-1,-1,1,1,5,0.7142857142857143,MHIST_cpx,MHIST_cpx
0,0,0,0,0,0,0,-1,-1,-1,0,0,0,0.0,MHIST_cqe,MHIST_cqe
1,1,1,0,0,1,0,-1,-1,-1,1,1,4,0.5714285714285714,MHIST_cqf,MHIST_cqf
0,0,0,0,0,1,0,-1,-1,-1,0,0,1,0.14285714285714285,MHIST_cqh,MHIST_cqh
0,0,0,0,0,0,1,-1,-1,-1,0,0,1,0.14285714285714285,MHIST_cqm,MHIST_cqm
0,1,0,0,0,0,0,-1,-1,-1,0,0,1,0.14285714285714285,MHIST_cqo,MHIST_cqo
1,1,1,1,0,1,1,-1,-1,-1,1,1,6,0.8571428571428571,MHIST_cqx,MHIST_cqx
1,0,0,0,0,1,0,-1,-1,-1,0,0,2,0.2857142857142857,MHIST_crb,MHIST_crb
0,0,0,0,0,0,1,-1,-1,-1,0,0,1,0.14285714285714285,MHIST_cri,MHIST_cri
0,1,0,0,0,0,0,-1,-1,-1,0,0,1,0.14285714285714285,MHIST_crj,MHIST_crj
0,0,1,0,0,0,1,-1,-1,-1,0,0,2,0.2857142857142857,MHIST_crn,MHIST_crn
0,0,0,0,0,0,0,-1,-1,-1,0,0,0,0.0,MHIST_cro,MHIST_cro
0,0,0,1,1,0,0,-1,-1,-1,0,0,2,0.2857142857142857,MHIST_crq,MHIST_crq
0,0,0,0,1,1,0,-1,-1,-1,0,0,2,0.2857142857142857,MHIST_crv,MHIST_crv
1,1,0,0,1,0,0,-1,-1,-1,0,0,3,0.42857142857142855,MHIST_cry,MHIST_cry
0,1,0,0,0,0,0,-1,-1,-1,0,0,1,0.14285714285714285,MHIST_crz,MHIST_crz
1,0,0,0,0,0,0,-1,-1,-1,0,0,1,0.14285714285714285,MHIST_csf,MHIST_csf
1,0,0,1,0,0,1,-1,-1,-1,0,0,3,0.42857142857142855,MHIST_csg,MHIST_csg
0,0,0,1,0,0,0,-1,-1,-1,0,0,1,0.14285714285714285,MHIST_csm,MHIST_csm
0,0,0,0,1,0,0,-1,-1,-1,0,0,1,0.14285714285714285,MHIST_csp,MHIST_csp
1,1,1,0,0,0,1,-1,-1,-1,1,1,4,0.5714285714285714,MHIST_csr,MHIST_csr
1,1,1,0,1,0,0,-1,-1,-1,1,1,4,0.5714285714285714,MHIST_css,MHIST_css
0,1,0,0,0,0,0,-1,-1,-1,0,0,1,0.14285714285714285,MHIST_csu,MHIST_csu
0,0,0,1,0,0,0,-1,-1,-1,0,0,1,0.14285714285714285,MHIST_csx,MHIST_csx
1,1,1,0,0,0,1,-1,-1,-1,1,1,4,0.5714285714285714,MHIST_csy,MHIST_csy
0,0,1,0,0,0,0,-1,-1,-1,0,0,1,0.14285714285714285,MHIST_csz,MHIST_csz
0,0,0,0,0,0,0,-1,-1,-1,0,0,0,0.0,MHIST_cta,MHIST_cta
0,0,1,0,0,0,0,-1,-1,-1,0,0,1,0.14285714285714285,MHIST_ctd,MHIST_ctd
0,0,0,0,0,0,0,-1,-1,-1,0,0,0,0.0,MHIST_cth,MHIST_cth
0,0,0,0,0,0,0,-1,-1,-1,0,0,0,0.0,MHIST_ctj,MHIST_ctj
1,0,1,0,1,0,0,-1,-1,-1,0,0,3,0.42857142857142855,MHIST_ctl,MHIST_ctl
0,0,0,0,0,0,1,-1,-1,-1,0,0,1,0.14285714285714285,MHIST_ctm,MHIST_ctm
0,0,0,0,0,0,0,-1,-1,-1,0,0,0,0.0,MHIST_ctn,MHIST_ctn
1,0,0,0,0,0,1,-1,-1,-1,0,0,2,0.2857142857142857,MHIST_ctp,MHIST_ctp
0,0,0,0,0,0,0,-1,-1,-1,0,0,0,0.0,MHIST_ctu,MHIST_ctu
0,0,0,0,0,0,0,-1,-1,-1,0,0,0,0.0,MHIST_ctv,MHIST_ctv
0,0,0,0,0,0,0,-1,-1,-1,0,0,0,0.0,MHIST_ctz,MHIST_ctz
0,0,0,0,0,0,0,-1,-1,-1,0,0,0,0.0,MHIST_cuc,MHIST_cuc
0,0,1,0,0,0,0,-1,-1,-1,0,0,1,0.14285714285714285,MHIST_cud,MHIST_cud
0,0,0,0,0,0,0,-1,-1,-1,0,0,0,0.0,MHIST_cuf,MHIST_cuf
0,0,0,0,0,0,0,-1,-1,-1,0,0,0,0.0,MHIST_cug,MHIST_cug
0,0,0,0,0,0,0,-1,-1,-1,0,0,0,0.0,MHIST_cuh,MHIST_cuh
1,0,0,0,0,0,0,-1,-1,-1,0,0,1,0.14285714285714285,MHIST_cuj,MHIST_cuj
0,0,0,0,1,0,0,-1,-1,-1,0,0,1,0.14285714285714285,MHIST_cul,MHIST_cul
0,0,0,0,0,0,0,-1,-1,-1,0,0,0,0.0,MHIST_cum,MHIST_cum
0,0,0,0,0,0,1,-1,-1,-1,0,0,1,0.14285714285714285,MHIST_cun,MHIST_cun
0,0,1,0,0,0,0,-1,-1,-1,0,0,1,0.14285714285714285,MHIST_cuo,MHIST_cuo
0,1,0,0,1,0,1,-1,-1,-1,0,0,3,0.42857142857142855,MHIST_cur,MHIST_cur
0,1,0,1,1,1,1,-1,-1,-1,1,1,5,0.7142857142857143,MHIST_cuv,MHIST_cuv
0,0,0,0,0,0,0,-1,-1,-1,0,0,0,0.0,MHIST_cux,MHIST_cux
0,0,0,1,0,0,0,-1,-1,-1,0,0,1,0.14285714285714285,MHIST_cva,MHIST_cva
0,0,0,0,0,0,0,-1,-1,-1,0,0,0,0.0,MHIST_cvc,MHIST_cvc
0,0,0,0,0,0,0,-1,-1,-1,0,0,0,0.0,MHIST_cvf,MHIST_cvf
0,0,0,0,0,0,0,-1,-1,-1,0,0,0,0.0,MHIST_cvg,MHIST_cvg
0,0,0,0,0,0,1,-1,-1,-1,0,0,1,0.14285714285714285,MHIST_cvi,MHIST_cvi
0,0,0,0,0,1,0,-1,-1,-1,0,0,1,0.14285714285714285,MHIST_cvj,MHIST_cvj
0,1,1,1,0,0,0,-1,-1,-1,0,0,3,0.42857142857142855,MHIST_cvk,MHIST_cvk
1,0,1,0,0,0,0,-1,-1,-1,0,0,2,0.2857142857142857,MHIST_cvl,MHIST_cvl
0,1,0,0,1,0,0,-1,-1,-1,0,0,2,0.2857142857142857,MHIST_cvm,MHIST_cvm
0,0,0,0,0,0,1,-1,-1,-1,0,0,1,0.14285714285714285,MHIST_cvr,MHIST_cvr
0,0,0,0,0,0,0,-1,-1,-1,0,0,0,0.0,MHIST_cvs,MHIST_cvs
0,0,0,1,0,0,1,-1,-1,-1,0,0,2,0.2857142857142857,MHIST_cvv,MHIST_cvv
0,1,1,1,1,0,1,-1,-1,-1,1,1,5,0.7142857142857143,MHIST_cvx,MHIST_cvx
0,0,0,0,0,0,0,-1,-1,-1,0,0,0,0.0,MHIST_cvy,MHIST_cvy
0,1,0,1,1,0,0,-1,-1,-1,0,0,3,0.42857142857142855,MHIST_cwa,MHIST_cwa
0,0,0,0,0,0,0,-1,-1,-1,0,0,0,0.0,MHIST_cwc,MHIST_cwc
0,0,1,0,1,0,0,-1,-1,-1,0,0,2,0.2857142857142857,MHIST_cwe,MHIST_cwe
0,0,0,0,0,0,0,-1,-1,-1,0,0,0,0.0,MHIST_cwg,MHIST_cwg
1,1,0,1,0,0,1,-1,-1,-1,1,1,4,0.5714285714285714,MHIST_cwh,MHIST_cwh
0,0,0,0,0,1,0,-1,-1,-1,0,0,1,0.14285714285714285,MHIST_cwi,MHIST_cwi
0,0,0,0,0,1,0,-1,-1,-1,0,0,1,0.14285714285714285,MHIST_cwj,MHIST_cwj
0,0,1,0,0,0,0,-1,-1,-1,0,0,1,0.14285714285714285,MHIST_cwl,MHIST_cwl
0,0,0,0,1,1,1,-1,-1,-1,0,0,3,0.42857142857142855,MHIST_cwm,MHIST_cwm
1,0,0,1,0,0,0,-1,-1,-1,0,0,2,0.2857142857142857,MHIST_cwo,MHIST_cwo
0,0,0,0,0,0,0,-1,-1,-1,0,0,0,0.0,MHIST_cwp,MHIST_cwp
0,1,1,1,1,1,1,-1,-1,-1,1,1,6,0.8571428571428571,MHIST_cws,MHIST_cws
0,0,0,0,0,0,0,-1,-1,-1,0,0,0,0.0,MHIST_cwu,MHIST_cwu
0,1,0,0,1,0,0,-1,-1,-1,0,0,2,0.2857142857142857,MHIST_cwv,MHIST_cwv
1,0,1,0,0,0,0,-1,-1,-1,0,0,2,0.2857142857142857,MHIST_cwx,MHIST_cwx
0,0,0,0,0,0,0,-1,-1,-1,0,0,0,0.0,MHIST_cwy,MHIST_cwy
0,0,0,0,0,1,0,-1,-1,-1,0,0,1,0.14285714285714285,MHIST_cxb,MHIST_cxb
0,0,1,0,0,0,0,-1,-1,-1,0,0,1,0.14285714285714285,MHIST_cxg,MHIST_cxg
0,0,0,0,0,0,0,-1,-1,-1,0,0,0,0.0,MHIST_cxh,MHIST_cxh
0,0,0,0,0,0,0,-1,-1,-1,0,0,0,0.0,MHIST_cxi,MHIST_cxi
0,0,0,0,0,0,0,-1,-1,-1,0,0,0,0.0,MHIST_cxk,MHIST_cxk
0,0,1,1,0,0,0,-1,-1,-1,0,0,2,0.2857142857142857,MHIST_cxl,MHIST_cxl
0,0,0,0,0,0,0,-1,-1,-1,0,0,0,0.0,MHIST_cxm,MHIST_cxm
0,0,0,0,0,0,0,-1,-1,-1,0,0,0,0.0,MHIST_cxn,MHIST_cxn
0,0,0,0,0,0,0,-1,-1,-1,0,0,0,0.0,MHIST_cxo,MHIST_cxo
0,0,0,0,0,0,0,-1,-1,-1,0,0,0,0.0,MHIST_cxs,MHIST_cxs
0,1,0,0,0,1,0,-1,-1,-1,0,0,2,0.2857142857142857,MHIST_cxt,MHIST_cxt
0,0,0,0,0,0,0,-1,-1,-1,0,0,0,0.0,MHIST_cxv,MHIST_cxv
0,0,0,0,0,0,0,-1,-1,-1,0,0,0,0.0,MHIST_cxz,MHIST_cxz
0,0,0,0,0,0,0,-1,-1,-1,0,0,0,0.0,MHIST_cya,MHIST_cya
0,0,0,0,0,0,1,-1,-1,-1,0,0,1,0.14285714285714285,MHIST_cyc,MHIST_cyc
0,0,0,0,0,0,0,-1,-1,-1,0,0,0,0.0,MHIST_cyd,MHIST_cyd
0,0,0,0,0,0,0,-1,-1,-1,0,0,0,0.0,MHIST_cyg,MHIST_cyg
0,0,0,0,0,0,0,-1,-1,-1,0,0,0,0.0,MHIST_cyh,MHIST_cyh
0,0,0,0,0,0,1,-1,-1,-1,0,0,1,0.14285714285714285,MHIST_cyi,MHIST_cyi
0,0,1,0,1,0,0,-1,-1,-1,0,0,2,0.2857142857142857,MHIST_cym,MHIST_cym
1,0,0,1,0,0,1,-1,-1,-1,0,0,3,0.42857142857142855,MHIST_cyo,MHIST_cyo
0,0,0,0,0,0,0,-1,-1,-1,0,0,0,0.0,MHIST_cyp,MHIST_cyp
0,0,0,0,0,1,0,-1,-1,-1,0,0,1,0.14285714285714285,MHIST_cyq,MHIST_cyq
1,0,0,0,0,0,1,-1,-1,-1,0,0,2,0.2857142857142857,MHIST_cyr,MHIST_cyr
1,0,0,1,1,1,0,-1,-1,-1,1,1,4,0.5714285714285714,MHIST_cyt,MHIST_cyt
0,0,0,0,1,1,0,-1,-1,-1,0,0,2,0.2857142857142857,MHIST_cyy,MHIST_cyy
0,0,1,1,0,0,1,-1,-1,-1,0,0,3,0.42857142857142855,MHIST_cyz,MHIST_cyz
0,0,0,0,0,0,0,-1,-1,-1,0,0,0,0.0,MHIST_czd,MHIST_czd
0,0,0,0,0,0,0,-1,-1,-1,0,0,0,0.0,MHIST_czh,MHIST_czh
1,0,0,0,0,0,1,-1,-1,-1,0,0,2,0.2857142857142857,MHIST_czi,MHIST_czi
0,0,0,1,1,1,0,-1,-1,-1,0,0,3,0.42857142857142855,MHIST_czj,MHIST_czj
0,1,0,0,1,0,0,-1,-1,-1,0,0,2,0.2857142857142857,MHIST_czk,MHIST_czk
1,0,0,1,0,0,0,-1,-1,-1,0,0,2,0.2857142857142857,MHIST_czm,MHIST_czm
0,0,1,0,0,1,0,-1,-1,-1,0,0,2,0.2857142857142857,MHIST_czo,MHIST_czo
0,0,0,1,0,0,0,-1,-1,-1,0,0,1,0.14285714285714285,MHIST_czv,MHIST_czv
1,0,1,0,0,1,0,-1,-1,-1,0,0,3,0.42857142857142855,MHIST_czw,MHIST_czw
0,0,0,0,0,1,0,-1,-1,-1,0,0,1,0.14285714285714285,MHIST_czy,MHIST_czy
0,0,0,1,0,0,0,-1,-1,-1,0,0,1,0.14285714285714285,MHIST_czz,MHIST_czz
1,1,0,0,0,1,0,-1,-1,-1,0,0,3,0.42857142857142855,MHIST_daa,MHIST_daa
0,0,1,0,0,1,0,-1,-1,-1,0,0,2,0.2857142857142857,MHIST_dag,MHIST_dag
1,0,0,0,0,0,0,-1,-1,-1,0,0,1,0.14285714285714285,MHIST_daj,MHIST_daj
0,1,0,0,0,0,0,-1,-1,-1,0,0,1,0.14285714285714285,MHIST_das,MHIST_das
0,1,0,0,0,0,0,-1,-1,-1,0,0,1,0.14285714285714285,MHIST_dau,MHIST_dau
0,0,0,0,0,0,0,-1,-1,-1,0,0,0,0.0,MHIST_day,MHIST_day
0,0,0,0,0,0,0,-1,-1,-1,0,0,0,0.0,MHIST_daz,MHIST_daz
1,1,1,1,1,1,0,-1,-1,-1,1,1,6,0.8571428571428571,MHIST_dbc,MHIST_dbc
0,0,0,0,0,0,0,-1,-1,-1,0,0,0,0.0,MHIST_dbg,MHIST_dbg
1,1,1,1,1,0,0,-1,-1,-1,1,1,5,0.7142857142857143,MHIST_dbi,MHIST_dbi
1,1,1,0,0,1,0,-1,-1,-1,1,1,4,0.5714285714285714,MHIST_dbm,MHIST_dbm
0,1,0,0,0,1,0,-1,-1,-1,0,0,2,0.2857142857142857,MHIST_dbn,MHIST_dbn
0,0,1,1,0,0,0,-1,-1,-1,0,0,2,0.2857142857142857,MHIST_dbo,MHIST_dbo
0,0,0,0,0,0,0,-1,-1,-1,0,0,0,0.0,MHIST_dbp,MHIST_dbp
1,1,1,0,1,1,0,-1,-1,-1,1,1,5,0.7142857142857143,MHIST_dbs,MHIST_dbs
1,0,1,0,0,0,0,-1,-1,-1,0,0,2,0.2857142857142857,MHIST_dbw,MHIST_dbw
0,0,0,0,0,0,1,-1,-1,-1,0,0,1,0.14285714285714285,MHIST_dbx,MHIST_dbx
1,0,0,0,0,0,1,-1,-1,-1,0,0,2,0.2857142857142857,MHIST_dby,MHIST_dby
0,0,0,0,0,1,0,-1,-1,-1,0,0,1,0.14285714285714285,MHIST_dcb,MHIST_dcb
0,0,0,0,0,0,1,-1,-1,-1,0,0,1,0.14285714285714285,MHIST_dcd,MHIST_dcd
0,0,0,0,0,1,0,-1,-1,-1,0,0,1,0.14285714285714285,MHIST_dch,MHIST_dch
0,0,1,0,1,0,1,-1,-1,-1,0,0,3,0.42857142857142855,MHIST_dci,MHIST_dci
0,1,0,0,0,0,1,-1,-1,-1,0,0,2,0.2857142857142857,MHIST_dcj,MHIST_dcj
1,1,1,0,0,0,0,-1,-1,-1,0,0,3,0.42857142857142855,MHIST_dck,MHIST_dck
0,0,1,0,0,1,0,-1,-1,-1,0,0,2,0.2857142857142857,MHIST_dcn,MHIST_dcn
1,0,0,1,1,0,1,-1,-1,-1,1,1,4,0.5714285714285714,MHIST_dco,MHIST_dco
0,0,0,0,0,1,0,-1,-1,-1,0,0,1,0.14285714285714285,MHIST_dcq,MHIST_dcq
0,0,0,0,0,0,0,-1,-1,-1,0,0,0,0.0,MHIST_dcr,MHIST_dcr
0,0,0,0,0,0,0,-1,-1,-1,0,0,0,0.0,MHIST_dcs,MHIST_dcs
0,0,0,0,0,0,0,-1,-1,-1,0,0,0,0.0,MHIST_dct,MHIST_dct
0,0,0,0,0,0,0,-1,-1,-1,0,0,0,0.0,MHIST_dcu,MHIST_dcu
0,0,0,1,1,0,0,-1,-1,-1,0,0,2,0.2857142857142857,MHIST_dcw,MHIST_dcw
0,1,0,0,1,0,0,-1,-1,-1,0,0,2,0.2857142857142857,MHIST_dcy,MHIST_dcy
0,1,0,1,0,1,1,-1,-1,-1,1,1,4,0.5714285714285714,MHIST_dcz,MHIST_dcz
0,0,0,0,0,1,0,-1,-1,-1,0,0,1,0.14285714285714285,MHIST_dda,MHIST_dda
0,1,0,1,0,0,0,-1,-1,-1,0,0,2,0.2857142857142857,MHIST_ddc,MHIST_ddc
0,0,1,0,0,0,0,-1,-1,-1,0,0,1,0.14285714285714285,MHIST_dde,MHIST_dde
0,0,0,0,0,0,0,-1,-1,-1,0,0,0,0.0,MHIST_ddl,MHIST_ddl
0,0,1,0,0,0,0,-1,-1,-1,0,0,1,0.14285714285714285,MHIST_ddm,MHIST_ddm
0,0,0,0,0,0,0,-1,-1,-1,0,0,0,0.0,MHIST_ddp,MHIST_ddp
0,0,0,0,1,0,0,-1,-1,-1,0,0,1,0.14285714285714285,MHIST_ddq,MHIST_ddq
0,0,0,0,0,0,0,-1,-1,-1,0,0,0,0.0,MHIST_dds,MHIST_dds
0,0,0,0,0,0,0,-1,-1,-1,0,0,0,0.0,MHIST_ddt,MHIST_ddt
0,0,1,0,0,0,0,-1,-1,-1,0,0,1,0.14285714285714285,MHIST_ddx,MHIST_ddx
1,1,1,0,1,0,0,-1,-1,-1,1,1,4,0.5714285714285714,MHIST_ddy,MHIST_ddy
0,0,0,0,0,1,1,-1,-1,-1,0,0,2,0.2857142857142857,MHIST_ddz,MHIST_ddz
0,0,0,0,0,0,0,-1,-1,-1,0,0,0,0.0,MHIST_dea,MHIST_dea
0,0,0,0,0,0,0,-1,-1,-1,0,0,0,0.0,MHIST_deb,MHIST_deb
0,0,0,0,0,0,0,-1,-1,-1,0,0,0,0.0,MHIST_dee,MHIST_dee
1,0,0,0,1,1,0,-1,-1,-1,0,0,3,0.42857142857142855,MHIST_deg,MHIST_deg
1,1,1,0,1,0,0,-1,-1,-1,1,1,4,0.5714285714285714,MHIST_dek,MHIST_dek
0,0,0,0,0,0,0,-1,-1,-1,0,0,0,0.0,MHIST_del,MHIST_del
0,0,0,0,0,0,0,-1,-1,-1,0,0,0,0.0,MHIST_dem,MHIST_dem
0,0,0,0,0,0,0,-1,-1,-1,0,0,0,0.0,MHIST_deo,MHIST_deo
0,0,0,0,0,0,0,-1,-1,-1,0,0,0,0.0,MHIST_dep,MHIST_dep
1,0,0,0,0,0,0,-1,-1,-1,0,0,1,0.14285714285714285,MHIST_des,MHIST_des
0,0,0,0,0,0,0,-1,-1,-1,0,0,0,0.0,MHIST_det,MHIST_det
0,0,0,0,1,0,1,-1,-1,-1,0,0,2,0.2857142857142857,MHIST_deu,MHIST_deu
1,1,0,1,1,0,0,-1,-1,-1,1,1,4,0.5714285714285714,MHIST_dex,MHIST_dex
0,0,0,0,0,0,0,-1,-1,-1,0,0,0,0.0,MHIST_dez,MHIST_dez
0,0,0,0,0,0,0,-1,-1,-1,0,0,0,0.0,MHIST_dfa,MHIST_dfa
1,1,0,1,0,0,0,-1,-1,-1,0,0,3,0.42857142857142855,MHIST_dfd,MHIST_dfd
0,0,0,0,0,1,0,-1,-1,-1,0,0,1,0.14285714285714285,MHIST_dff,MHIST_dff
1,0,0,0,0,0,0,-1,-1,-1,0,0,1,0.14285714285714285,MHIST_dfh,MHIST_dfh
0,0,0,0,0,0,0,-1,-1,-1,0,0,0,0.0,MHIST_dfj,MHIST_dfj
0,0,0,0,0,0,0,-1,-1,-1,0,0,0,0.0,MHIST_dfo,MHIST_dfo
0,1,0,1,0,0,0,-1,-1,-1,0,0,2,0.2857142857142857,MHIST_dfq,MHIST_dfq
0,0,0,0,0,0,0,-1,-1,-1,0,0,0,0.0,MHIST_dfs,MHIST_dfs
0,0,1,0,0,0,0,-1,-1,-1,0,0,1,0.14285714285714285,MHIST_dft,MHIST_dft
0,0,0,0,0,1,0,-1,-1,-1,0,0,1,0.14285714285714285,MHIST_dfu,MHIST_dfu
1,0,0,0,0,0,0,-1,-1,-1,0,0,1,0.14285714285714285,MHIST_dfx,MHIST_dfx
0,0,0,0,0,0,0,-1,-1,-1,0,0,0,0.0,MHIST_dgd,MHIST_dgd
0,0,0,0,0,0,0,-1,-1,-1,0,0,0,0.0,MHIST_dgg,MHIST_dgg
0,0,0,0,0,0,0,-1,-1,-1,0,0,0,0.0,MHIST_dgh,MHIST_dgh
0,0,1,0,0,0,0,-1,-1,-1,0,0,1,0.14285714285714285,MHIST_dgn,MHIST_dgn
0,0,0,0,0,0,0,-1,-1,-1,0,0,0,0.0,MHIST_dgo,MHIST_dgo
0,1,0,1,0,0,1,-1,-1,-1,0,0,3,0.42857142857142855,MHIST_dgq,MHIST_dgq
1,0,0,0,0,0,0,-1,-1,-1,0,0,1,0.14285714285714285,MHIST_dgt,MHIST_dgt
0,0,0,0,0,0,1,-1,-1,-1,0,0,1,0.14285714285714285,MHIST_dgv,MHIST_dgv
0,0,0,0,0,1,0,-1,-1,-1,0,0,1,0.14285714285714285,MHIST_dgx,MHIST_dgx
0,0,0,0,0,0,0,-1,-1,-1,0,0,0,0.0,MHIST_dgy,MHIST_dgy
0,0,1,0,0,0,1,-1,-1,-1,0,0,2,0.2857142857142857,MHIST_dhd,MHIST_dhd
0,1,1,1,0,1,1,-1,-1,-1,1,1,5,0.7142857142857143,MHIST_dhh,MHIST_dhh
0,0,1,0,0,0,0,-1,-1,-1,0,0,1,0.14285714285714285,MHIST_dhi,MHIST_dhi
0,0,0,0,0,0,0,-1,-1,-1,0,0,0,0.0,MHIST_dhj,MHIST_dhj
0,0,1,1,0,1,0,-1,-1,-1,0,0,3,0.42857142857142855,MHIST_dhk,MHIST_dhk
0,1,1,0,0,0,0,-1,-1,-1,0,0,2,0.2857142857142857,MHIST_dhm,MHIST_dhm
0,0,1,0,1,0,0,-1,-1,-1,0,0,2,0.2857142857142857,MHIST_dhn,MHIST_dhn
0,0,0,0,0,0,0,-1,-1,-1,0,0,0,0.0,MHIST_dhp,MHIST_dhp
1,0,0,0,0,0,0,-1,-1,-1,0,0,1,0.14285714285714285,MHIST_dhq,MHIST_dhq
0,0,0,0,0,0,0,-1,-1,-1,0,0,0,0.0,MHIST_dhv,MHIST_dhv
0,0,0,0,0,0,0,-1,-1,-1,0,0,0,0.0,MHIST_dhy,MHIST_dhy
0,0,0,0,1,0,0,-1,-1,-1,0,0,1,0.14285714285714285,MHIST_die,MHIST_die
0,0,0,0,0,0,0,-1,-1,-1,0,0,0,0.0,MHIST_dif,MHIST_dif
1,0,1,0,1,0,1,-1,-1,-1,1,1,4,0.5714285714285714,MHIST_dih,MHIST_dih
0,0,0,0,0,0,1,-1,-1,-1,0,0,1,0.14285714285714285,MHIST_dil,MHIST_dil
0,0,0,0,0,1,0,-1,-1,-1,0,0,1,0.14285714285714285,MHIST_dim,MHIST_dim
0,0,0,0,0,0,0,-1,-1,-1,0,0,0,0.0,MHIST_din,MHIST_din
0,1,1,0,0,0,1,-1,-1,-1,0,0,3,0.42857142857142855,MHIST_dip,MHIST_dip
1,0,0,0,0,0,0,-1,-1,-1,0,0,1,0.14285714285714285,MHIST_dis,MHIST_dis
1,0,0,0,0,0,0,-1,-1,-1,0,0,1,0.14285714285714285,MHIST_dit,MHIST_dit
0,0,0,0,0,1,0,-1,-1,-1,0,0,1,0.14285714285714285,MHIST_div,MHIST_div
0,0,0,0,0,0,0,-1,-1,-1,0,0,0,0.0,MHIST_diw,MHIST_diw
1,0,0,0,0,0,0,-1,-1,-1,0,0,1,0.14285714285714285,MHIST_djf,MHIST_djf
0,0,0,0,0,1,0,-1,-1,-1,0,0,1,0.14285714285714285,MHIST_djl,MHIST_djl
0,0,1,1,0,1,0,-1,-1,-1,0,0,3,0.42857142857142855,MHIST_djo,MHIST_djo
0,0,0,1,1,1,0,-1,-1,-1,0,0,3,0.42857142857142855,MHIST_djs,MHIST_djs
0,0,1,0,0,0,0,-1,-1,-1,0,0,1,0.14285714285714285,MHIST_dju,MHIST_dju
0,0,0,0,0,0,0,-1,-1,-1,0,0,0,0.0,MHIST_djv,MHIST_djv
0,0,0,0,0,0,0,-1,-1,-1,0,0,0,0.0,MHIST_djz,MHIST_djz
0,0,1,1,0,0,0,-1,-1,-1,0,0,2,0.2857142857142857,MHIST_dka,MHIST_dka
1,0,0,0,0,1,1,-1,-1,-1,0,0,3,0.42857142857142855,MHIST_dkb,MHIST_dkb
0,0,1,1,1,1,0,-1,-1,-1,1,1,4,0.5714285714285714,MHIST_dkc,MHIST_dkc
1,0,1,0,1,0,1,-1,-1,-1,1,1,4,0.5714285714285714,MHIST_dkd,MHIST_dkd
0,0,0,0,0,1,0,-1,-1,-1,0,0,1,0.14285714285714285,MHIST_dkg,MHIST_dkg
1,0,1,1,1,0,1,-1,-1,-1,1,1,5,0.7142857142857143,MHIST_dki,MHIST_dki
0,0,0,1,0,0,0,-1,-1,-1,0,0,1,0.14285714285714285,MHIST_dkm,MHIST_dkm
0,0,1,0,0,0,0,-1,-1,-1,0,0,1,0.14285714285714285,MHIST_dkp,MHIST_dkp
0,0,0,0,0,0,0,-1,-1,-1,0,0,0,0.0,MHIST_dkq,MHIST_dkq
0,0,0,1,1,0,0,-1,-1,-1,0,0,2,0.2857142857142857,MHIST_dkr,MHIST_dkr
0,0,0,0,0,0,0,-1,-1,-1,0,0,0,0.0,MHIST_dks,MHIST_dks
1,1,1,0,1,1,1,-1,-1,-1,1,1,6,0.8571428571428571,MHIST_dkx,MHIST_dkx
0,0,1,1,0,0,1,-1,-1,-1,0,0,3,0.42857142857142855,MHIST_dky,MHIST_dky
0,0,0,0,0,0,0,-1,-1,-1,0,0,0,0.0,MHIST_dkz,MHIST_dkz
0,0,0,1,0,0,0,-1,-1,-1,0,0,1,0.14285714285714285,MHIST_dla,MHIST_dla
0,0,1,0,0,0,0,-1,-1,-1,0,0,1,0.14285714285714285,MHIST_dlb,MHIST_dlb
0,0,0,0,0,1,0,-1,-1,-1,0,0,1,0.14285714285714285,MHIST_dlc,MHIST_dlc
1,0,0,0,1,0,0,-1,-1,-1,0,0,2,0.2857142857142857,MHIST_dle,MHIST_dle
0,0,0,0,0,0,0,-1,-1,-1,0,0,0,0.0,MHIST_dli,MHIST_dli
0,0,0,0,0,0,0,-1,-1,-1,0,0,0,0.0,MHIST_dlk,MHIST_dlk
0,0,0,0,0,0,0,-1,-1,-1,0,0,0,0.0,MHIST_dll,MHIST_dll
1,1,1,1,1,0,0,-1,-1,-1,1,1,5,0.7142857142857143,MHIST_dlm,MHIST_dlm
0,0,0,0,0,0,0,-1,-1,-1,0,0,0,0.0,MHIST_dlo,MHIST_dlo
0,0,1,0,0,0,0,-1,-1,-1,0,0,1,0.14285714285714285,MHIST_dlr,MHIST_dlr
0,0,0,1,0,0,0,-1,-1,-1,0,0,1,0.14285714285714285,MHIST_dls,MHIST_dls
1,1,0,0,0,0,0,-1,-1,-1,0,0,2,0.2857142857142857,MHIST_dlv,MHIST_dlv
0,0,0,0,0,0,1,-1,-1,-1,0,0,1,0.14285714285714285,MHIST_dlw,MHIST_dlw
0,0,0,0,0,0,0,-1,-1,-1,0,0,0,0.0,MHIST_dlx,MHIST_dlx
1,1,1,0,0,0,0,-1,-1,-1,0,0,3,0.42857142857142855,MHIST_dly,MHIST_dly
0,0,0,0,0,0,0,-1,-1,-1,0,0,0,0.0,MHIST_dlz,MHIST_dlz
0,1,0,1,1,1,0,-1,-1,-1,1,1,4,0.5714285714285714,MHIST_dma,MHIST_dma
0,0,1,0,0,0,1,-1,-1,-1,0,0,2,0.2857142857142857,MHIST_dmb,MHIST_dmb
0,0,0,0,0,0,0,-1,-1,-1,0,0,0,0.0,MHIST_dmk,MHIST_dmk
1,0,0,0,0,0,1,-1,-1,-1,0,0,2,0.2857142857142857,MHIST_dml,MHIST_dml
0,0,0,0,0,0,1,-1,-1,-1,0,0,1,0.14285714285714285,MHIST_dmm,MHIST_dmm
1,0,0,0,0,0,0,-1,-1,-1,0,0,1,0.14285714285714285,MHIST_dmn,MHIST_dmn
0,0,0,0,0,0,1,-1,-1,-1,0,0,1,0.14285714285714285,MHIST_dmp,MHIST_dmp
0,1,0,0,0,0,0,-1,-1,-1,0,0,1,0.14285714285714285,MHIST_dmt,MHIST_dmt
1,0,0,0,0,0,0,-1,-1,-1,0,0,1,0.14285714285714285,MHIST_dmu,MHIST_dmu
0,1,0,1,0,0,1,-1,-1,-1,0,0,3,0.42857142857142855,MHIST_dmv,MHIST_dmv
0,0,0,0,1,0,0,-1,-1,-1,0,0,1,0.14285714285714285,MHIST_dmy,MHIST_dmy
0,0,0,0,0,0,1,-1,-1,-1,0,0,1,0.14285714285714285,MHIST_dmz,MHIST_dmz
1,0,1,1,0,0,1,-1,-1,-1,1,1,4,0.5714285714285714,MHIST_dna,MHIST_dna
0,1,0,0,0,0,0,-1,-1,-1,0,0,1,0.14285714285714285,MHIST_dnb,MHIST_dnb
0,0,0,0,0,0,0,-1,-1,-1,0,0,0,0.0,MHIST_dne,MHIST_dne
0,0,0,0,1,1,1,-1,-1,-1,0,0,3,0.42857142857142855,MHIST_dnh,MHIST_dnh
0,0,0,0,0,0,1,-1,-1,-1,0,0,1,0.14285714285714285,MHIST_dnk,MHIST_dnk
0,1,0,0,0,1,0,-1,-1,-1,0,0,2,0.2857142857142857,MHIST_dnl,MHIST_dnl
0,0,0,1,0,0,0,-1,-1,-1,0,0,1,0.14285714285714285,MHIST_dnm,MHIST_dnm
1,0,0,1,0,1,0,-1,-1,-1,0,0,3,0.42857142857142855,MHIST_dno,MHIST_dno
0,0,0,0,0,0,0,-1,-1,-1,0,0,0,0.0,MHIST_dnt,MHIST_dnt
0,0,0,0,0,0,0,-1,-1,-1,0,0,0,0.0,MHIST_dnu,MHIST_dnu
1,0,0,0,0,0,0,-1,-1,-1,0,0,1,0.14285714285714285,MHIST_dnx,MHIST_dnx
0,0,0,0,0,1,0,-1,-1,-1,0,0,1,0.14285714285714285,MHIST_dny,MHIST_dny
0,1,0,1,0,1,0,-1,-1,-1,0,0,3,0.42857142857142855,MHIST_dnz,MHIST_dnz
0,1,0,0,1,1,0,-1,-1,-1,0,0,3,0.42857142857142855,MHIST_doc,MHIST_doc
0,0,0,0,0,0,0,-1,-1,-1,0,0,0,0.0,MHIST_doe,MHIST_doe
0,0,0,0,0,1,0,-1,-1,-1,0,0,1,0.14285714285714285,MHIST_dof,MHIST_dof
0,1,0,1,1,1,0,-1,-1,-1,1,1,4,0.5714285714285714,MHIST_dok,MHIST_dok
1,1,1,1,0,0,0,-1,-1,-1,1,1,4,0.5714285714285714,MHIST_dom,MHIST_dom
0,0,0,0,0,1,0,-1,-1,-1,0,0,1,0.14285714285714285,MHIST_doq,MHIST_doq
0,0,0,0,1,0,0,-1,-1,-1,0,0,1,0.14285714285714285,MHIST_dor,MHIST_dor
0,0,0,0,0,1,0,-1,-1,-1,0,0,1,0.14285714285714285,MHIST_dos,MHIST_dos
0,0,1,0,0,0,0,-1,-1,-1,0,0,1,0.14285714285714285,MHIST_dot,MHIST_dot
1,1,0,0,0,0,0,-1,-1,-1,0,0,2,0.2857142857142857,MHIST_dox,MHIST_dox
1,0,1,1,1,0,0,-1,-1,-1,1,1,4,0.5714285714285714,MHIST_doy,MHIST_doy
1,0,1,1,0,1,0,-1,-1,-1,1,1,4,0.5714285714285714,MHIST_dpb,MHIST_dpb
0,0,0,0,0,0,0,-1,-1,-1,0,0,0,0.0,MHIST_dpf,MHIST_dpf
0,1,1,0,0,0,0,-1,-1,-1,0,0,2,0.2857142857142857,MHIST_dph,MHIST_dph
0,0,1,1,1,1,0,-1,-1,-1,1,1,4,0.5714285714285714,MHIST_dpj,MHIST_dpj
0,0,0,0,0,1,0,-1,-1,-1,0,0,1,0.14285714285714285,MHIST_dpk,MHIST_dpk
0,0,0,0,0,0,0,-1,-1,-1,0,0,0,0.0,MHIST_dpm,MHIST_dpm
0,0,1,1,1,0,1,-1,-1,-1,1,1,4,0.5714285714285714,MHIST_dpp,MHIST_dpp
0,0,0,1,0,0,0,-1,-1,-1,0,0,1,0.14285714285714285,MHIST_dpr,MHIST_dpr
0,0,0,0,0,0,0,-1,-1,-1,0,0,0,0.0,MHIST_dps,MHIST_dps
0,0,0,0,0,1,0,-1,-1,-1,0,0,1,0.14285714285714285,MHIST_dpu,MHIST_dpu
0,0,0,0,0,0,0,-1,-1,-1,0,0,0,0.0,MHIST_dpv,MHIST_dpv
0,0,0,0,0,0,1,-1,-1,-1,0,0,1,0.14285714285714285,MHIST_dpz,MHIST_dpz
0,0,0,0,0,0,0,-1,-1,-1,0,0,0,0.0,MHIST_dqa,MHIST_dqa
0,0,0,0,0,0,0,-1,-1,-1,0,0,0,0.0,MHIST_dqc,MHIST_dqc
0,0,0,0,0,0,0,-1,-1,-1,0,0,0,0.0,MHIST_dqd,MHIST_dqd
0,0,0,0,0,0,0,-1,-1,-1,0,0,0,0.0,MHIST_dqf,MHIST_dqf
0,0,1,0,0,0,0,-1,-1,-1,0,0,1,0.14285714285714285,MHIST_dqg,MHIST_dqg
0,0,0,0,0,0,0,-1,-1,-1,0,0,0,0.0,MHIST_dqi,MHIST_dqi
0,0,0,0,1,0,1,-1,-1,-1,0,0,2,0.2857142857142857,MHIST_dqj,MHIST_dqj
0,0,0,0,1,0,0,-1,-1,-1,0,0,1,0.14285714285714285,MHIST_dql,MHIST_dql
0,1,1,0,0,1,0,-1,-1,-1,0,0,3,0.42857142857142855,MHIST_dqm,MHIST_dqm
0,0,0,1,0,0,0,-1,-1,-1,0,0,1,0.14285714285714285,MHIST_dqo,MHIST_dqo
0,0,0,0,0,0,0,-1,-1,-1,0,0,0,0.0,MHIST_dqp,MHIST_dqp
1,0,1,1,1,0,0,-1,-1,-1,1,1,4,0.5714285714285714,MHIST_dqr,MHIST_dqr
0,1,0,0,1,1,1,-1,-1,-1,1,1,4,0.5714285714285714,MHIST_dqt,MHIST_dqt
0,0,0,0,0,0,0,-1,-1,-1,0,0,0,0.0,MHIST_dqu,MHIST_dqu
0,0,0,0,0,1,1,-1,-1,-1,0,0,2,0.2857142857142857,MHIST_dqw,MHIST_dqw
0,1,0,0,0,0,0,-1,-1,-1,0,0,1,0.14285714285714285,MHIST_dqx,MHIST_dqx
0,0,0,0,0,0,0,-1,-1,-1,0,0,0,0.0,MHIST_dqz,MHIST_dqz
0,0,0,0,0,0,0,-1,-1,-1,0,0,0,0.0,MHIST_drg,MHIST_drg
0,0,0,0,0,0,0,-1,-1,-1,0,0,0,0.0,MHIST_dri,MHIST_dri
0,0,0,1,0,0,0,-1,-1,-1,0,0,1,0.14285714285714285,MHIST_drj,MHIST_drj
1,1,0,0,0,0,0,-1,-1,-1,0,0,2,0.2857142857142857,MHIST_drk,MHIST_drk
0,1,0,0,1,0,0,-1,-1,-1,0,0,2,0.2857142857142857,MHIST_drn,MHIST_drn
1,1,0,0,0,0,0,-1,-1,-1,0,0,2,0.2857142857142857,MHIST_dro,MHIST_dro
0,0,0,0,0,0,0,-1,-1,-1,0,0,0,0.0,MHIST_drw,MHIST_drw
0,0,0,0,0,0,0,-1,-1,-1,0,0,0,0.0,MHIST_drx,MHIST_drx
0,0,0,0,1,0,0,-1,-1,-1,0,0,1,0.14285714285714285,MHIST_drz,MHIST_drz
0,1,0,0,0,1,1,-1,-1,-1,0,0,3,0.42857142857142855,MHIST_dsf,MHIST_dsf
1,0,0,0,0,0,1,-1,-1,-1,0,0,2,0.2857142857142857,MHIST_dsh,MHIST_dsh
0,0,0,0,0,0,0,-1,-1,-1,0,0,0,0.0,MHIST_dsj,MHIST_dsj
1,0,1,1,0,1,0,-1,-1,-1,1,1,4,0.5714285714285714,MHIST_dsk,MHIST_dsk
1,0,0,1,1,1,0,-1,-1,-1,1,1,4,0.5714285714285714,MHIST_dsm,MHIST_dsm
0,0,0,0,1,0,0,-1,-1,-1,0,0,1,0.14285714285714285,MHIST_dsn,MHIST_dsn
0,0,0,0,1,0,0,-1,-1,-1,0,0,1,0.14285714285714285,MHIST_dsp,MHIST_dsp
1,1,0,0,0,0,1,-1,-1,-1,0,0,3,0.42857142857142855,MHIST_dsq,MHIST_dsq
0,1,0,0,0,0,0,-1,-1,-1,0,0,1,0.14285714285714285,MHIST_dsr,MHIST_dsr
0,0,0,0,0,0,0,-1,-1,-1,0,0,0,0.0,MHIST_dst,MHIST_dst
0,0,0,0,0,1,0,-1,-1,-1,0,0,1,0.14285714285714285,MHIST_dsu,MHIST_dsu
0,0,0,1,0,0,0,-1,-1,-1,0,0,1,0.14285714285714285,MHIST_dsv,MHIST_dsv
0,0,0,0,0,0,1,-1,-1,-1,0,0,1,0.14285714285714285,MHIST_dsw,MHIST_dsw
0,0,0,0,0,0,0,-1,-1,-1,0,0,0,0.0,MHIST_dsx,MHIST_dsx
0,0,0,1,1,0,0,-1,-1,-1,0,0,2,0.2857142857142857,MHIST_dsz,MHIST_dsz
0,1,1,0,1,0,0,-1,-1,-1,0,0,3,0.42857142857142855,MHIST_dtb,MHIST_dtb
0,0,0,1,0,0,1,-1,-1,-1,0,0,2,0.2857142857142857,MHIST_dtd,MHIST_dtd
0,0,0,1,1,0,1,-1,-1,-1,0,0,3,0.42857142857142855,MHIST_dtf,MHIST_dtf
0,0,0,0,0,0,0,-1,-1,-1,0,0,0,0.0,MHIST_dth,MHIST_dth
0,0,0,0,0,0,0,-1,-1,-1,0,0,0,0.0,MHIST_dti,MHIST_dti
0,0,0,0,0,0,0,-1,-1,-1,0,0,0,0.0,MHIST_dtk,MHIST_dtk
0,0,1,0,1,0,0,-1,-1,-1,0,0,2,0.2857142857142857,MHIST_dtp,MHIST_dtp
0,0,0,0,1,0,0,-1,-1,-1,0,0,1,0.14285714285714285,MHIST_dtr,MHIST_dtr
1,1,0,1,1,0,1,-1,-1,-1,1,1,5,0.7142857142857143,MHIST_dts,MHIST_dts
0,0,0,0,1,0,0,-1,-1,-1,0,0,1,0.14285714285714285,MHIST_dtw,MHIST_dtw
0,0,1,0,0,0,0,-1,-1,-1,0,0,1,0.14285714285714285,MHIST_duc,MHIST_duc
1,0,0,1,0,1,0,-1,-1,-1,0,0,3,0.42857142857142855,MHIST_dud,MHIST_dud
1,0,0,0,1,0,1,-1,-1,-1,0,0,3,0.42857142857142855,MHIST_duj,MHIST_duj
0,0,0,1,0,0,0,-1,-1,-1,0,0,1,0.14285714285714285,MHIST_duu,MHIST_duu
1,1,1,0,0,1,1,-1,-1,-1,1,1,5,0.7142857142857143,MHIST_duz,MHIST_duz
0,0,0,0,0,0,0,-1,-1,-1,0,0,0,0.0,MHIST_dvb,MHIST_dvb
0,0,0,0,0,0,0,-1,-1,-1,0,0,0,0.0,MHIST_dvc,MHIST_dvc
0,0,0,1,0,0,0,-1,-1,-1,0,0,1,0.14285714285714285,MHIST_dvf,MHIST_dvf
0,1,0,0,0,0,0,-1,-1,-1,0,0,1,0.14285714285714285,MHIST_dvh,MHIST_dvh
0,0,0,0,0,1,1,-1,-1,-1,0,0,2,0.2857142857142857,MHIST_dvm,MHIST_dvm
0,0,0,1,1,0,0,-1,-1,-1,0,0,2,0.2857142857142857,MHIST_dvn,MHIST_dvn
0,0,0,0,0,1,0,-1,-1,-1,0,0,1,0.14285714285714285,MHIST_dvo,MHIST_dvo
0,0,0,0,0,0,0,-1,-1,-1,0,0,0,0.0,MHIST_dvp,MHIST_dvp
0,1,1,1,0,0,0,-1,-1,-1,0,0,3,0.42857142857142855,MHIST_dvw,MHIST_dvw
0,0,1,0,0,1,0,-1,-1,-1,0,0,2,0.2857142857142857,MHIST_dvx,MHIST_dvx
0,0,0,0,0,0,1,-1,-1,-1,0,0,1,0.14285714285714285,MHIST_dwb,MHIST_dwb
0,0,0,0,0,0,0,-1,-1,-1,0,0,0,0.0,MHIST_dwd,MHIST_dwd
1,0,0,0,0,0,0,-1,-1,-1,0,0,1,0.14285714285714285,MHIST_dwe,MHIST_dwe
0,0,1,1,0,0,0,-1,-1,-1,0,0,2,0.2857142857142857,MHIST_dwj,MHIST_dwj
0,1,0,0,0,0,0,-1,-1,-1,0,0,1,0.14285714285714285,MHIST_dwk,MHIST_dwk
0,0,1,1,0,0,1,-1,-1,-1,0,0,3,0.42857142857142855,MHIST_dwl,MHIST_dwl
1,0,0,1,0,0,0,-1,-1,-1,0,0,2,0.2857142857142857,MHIST_dwo,MHIST_dwo
0,1,0,0,0,0,0,-1,-1,-1,0,0,1,0.14285714285714285,MHIST_dwr,MHIST_dwr
0,0,0,0,0,0,0,-1,-1,-1,0,0,0,0.0,MHIST_dwv,MHIST_dwv
0,0,0,0,0,0,1,-1,-1,-1,0,0,1,0.14285714285714285,MHIST_dww,MHIST_dww
0,0,0,0,1,0,0,-1,-1,-1,0,0,1,0.14285714285714285,MHIST_dwx,MHIST_dwx
0,0,0,0,1,0,0,-1,-1,-1,0,0,1,0.14285714285714285,MHIST_dwy,MHIST_dwy
0,1,0,0,1,0,1,-1,-1,-1,0,0,3,0.42857142857142855,MHIST_dxb,MHIST_dxb
1,1,0,0,0,1,0,-1,-1,-1,0,0,3,0.42857142857142855,MHIST_dxd,MHIST_dxd
1,0,1,0,0,1,0,-1,-1,-1,0,0,3,0.42857142857142855,MHIST_dxf,MHIST_dxf
0,0,0,1,0,0,0,-1,-1,-1,0,0,1,0.14285714285714285,MHIST_dxg,MHIST_dxg
0,1,0,0,0,0,0,-1,-1,-1,0,0,1,0.14285714285714285,MHIST_dxh,MHIST_dxh
0,0,1,0,0,0,0,-1,-1,-1,0,0,1,0.14285714285714285,MHIST_dxn,MHIST_dxn
1,0,1,1,0,0,0,-1,-1,-1,0,0,3,0.42857142857142855,MHIST_dxp,MHIST_dxp
0,1,0,0,0,0,1,-1,-1,-1,0,0,2,0.2857142857142857,MHIST_dxq,MHIST_dxq
0,0,0,1,0,0,0,-1,-1,-1,0,0,1,0.14285714285714285,MHIST_dxw,MHIST_dxw
0,0,0,1,0,1,0,-1,-1,-1,0,0,2,0.2857142857142857,MHIST_dxy,MHIST_dxy
0,1,0,0,0,1,0,-1,-1,-1,0,0,2,0.2857142857142857,MHIST_dxz,MHIST_dxz
0,0,0,0,0,1,0,-1,-1,-1,0,0,1,0.14285714285714285,MHIST_dyb,MHIST_dyb
0,0,0,1,0,0,0,-1,-1,-1,0,0,1,0.14285714285714285,MHIST_dyc,MHIST_dyc
0,0,1,0,0,1,0,-1,-1,-1,0,0,2,0.2857142857142857,MHIST_dyf,MHIST_dyf
0,0,0,1,0,1,1,-1,-1,-1,0,0,3,0.42857142857142855,MHIST_dyg,MHIST_dyg
0,0,0,0,0,0,0,-1,-1,-1,0,0,0,0.0,MHIST_dyh,MHIST_dyh
1,0,0,0,0,0,1,-1,-1,-1,0,0,2,0.2857142857142857,MHIST_dyi,MHIST_dyi
0,0,0,0,0,0,0,-1,-1,-1,0,0,0,0.0,MHIST_dyj,MHIST_dyj
0,0,0,0,0,0,0,-1,-1,-1,0,0,0,0.0,MHIST_dyl,MHIST_dyl
0,0,0,0,1,0,1,-1,-1,-1,0,0,2,0.2857142857142857,MHIST_dym,MHIST_dym
0,0,0,1,0,0,0,-1,-1,-1,0,0,1,0.14285714285714285,MHIST_dyr,MHIST_dyr
0,1,0,0,0,1,1,-1,-1,-1,0,0,3,0.42857142857142855,MHIST_dys,MHIST_dys
0,0,0,1,0,0,0,-1,-1,-1,0,0,1,0.14285714285714285,MHIST_dyt,MHIST_dyt
0,1,0,0,0,0,0,-1,-1,-1,0,0,1,0.14285714285714285,MHIST_dyu,MHIST_dyu
0,0,0,0,0,0,0,-1,-1,-1,0,0,0,0.0,MHIST_dyx,MHIST_dyx
1,1,1,1,0,1,1,-1,-1,-1,1,1,6,0.8571428571428571,MHIST_dyz,MHIST_dyz
0,0,0,0,0,0,0,-1,-1,-1,0,0,0,0.0,MHIST_dzg,MHIST_dzg
0,1,0,0,0,0,0,-1,-1,-1,0,0,1,0.14285714285714285,MHIST_dzh,MHIST_dzh
0,0,0,0,0,0,1,-1,-1,-1,0,0,1,0.14285714285714285,MHIST_dzi,MHIST_dzi
1,0,0,1,0,0,0,-1,-1,-1,0,0,2,0.2857142857142857,MHIST_dzj,MHIST_dzj
0,0,1,0,1,1,1,-1,-1,-1,1,1,4,0.5714285714285714,MHIST_dzk,MHIST_dzk
0,0,0,0,0,1,0,-1,-1,-1,0,0,1,0.14285714285714285,MHIST_dzn,MHIST_dzn
0,0,0,0,0,0,1,-1,-1,-1,0,0,1,0.14285714285714285,MHIST_dzo,MHIST_dzo
0,0,0,1,0,0,0,-1,-1,-1,0,0,1,0.14285714285714285,MHIST_dzp,MHIST_dzp
0,0,0,1,0,1,0,-1,-1,-1,0,0,2,0.2857142857142857,MHIST_dzr,MHIST_dzr
0,0,1,0,1,0,0,-1,-1,-1,0,0,2,0.2857142857142857,MHIST_dzv,MHIST_dzv
1,0,0,0,0,0,0,-1,-1,-1,0,0,1,0.14285714285714285,MHIST_eaa,MHIST_eaa
1,1,0,0,1,1,0,-1,-1,-1,1,1,4,0.5714285714285714,MHIST_eab,MHIST_eab
0,1,0,0,1,1,0,-1,-1,-1,0,0,3,0.42857142857142855,MHIST_eae,MHIST_eae
1,0,1,0,1,1,0,-1,-1,-1,1,1,4,0.5714285714285714,MHIST_eaj,MHIST_eaj
0,0,1,0,1,0,0,-1,-1,-1,0,0,2,0.2857142857142857,MHIST_ean,MHIST_ean
1,0,0,0,0,0,1,-1,-1,-1,0,0,2,0.2857142857142857,MHIST_eaq,MHIST_eaq
1,0,0,0,0,0,0,-1,-1,-1,0,0,1,0.14285714285714285,MHIST_ear,MHIST_ear
0,0,0,0,0,0,0,-1,-1,-1,0,0,0,0.0,MHIST_eas,MHIST_eas
0,1,0,0,0,0,0,-1,-1,-1,0,0,1,0.14285714285714285,MHIST_eat,MHIST_eat
1,0,0,0,1,1,1,-1,-1,-1,1,1,4,0.5714285714285714,MHIST_eau,MHIST_eau
0,0,0,0,0,0,0,-1,-1,-1,0,0,0,0.0,MHIST_eaw,MHIST_eaw
0,0,0,1,0,0,0,-1,-1,-1,0,0,1,0.14285714285714285,MHIST_eax,MHIST_eax
0,1,0,0,0,0,0,-1,-1,-1,0,0,1,0.14285714285714285,MHIST_eay,MHIST_eay
0,0,0,0,1,1,0,-1,-1,-1,0,0,2,0.2857142857142857,MHIST_eba,MHIST_eba
0,0,0,1,0,1,0,-1,-1,-1,0,0,2,0.2857142857142857,MHIST_ebb,MHIST_ebb
0,0,0,0,0,0,0,-1,-1,-1,0,0,0,0.0,MHIST_ebe,MHIST_ebe
0,0,0,0,0,0,0,-1,-1,-1,0,0,0,0.0,MHIST_ebf,MHIST_ebf
0,1,0,0,0,0,0,-1,-1,-1,0,0,1,0.14285714285714285,MHIST_ebg,MHIST_ebg
1,0,0,0,1,1,0,-1,-1,-1,0,0,3,0.42857142857142855,MHIST_ebi,MHIST_ebi
0,0,0,0,0,0,0,-1,-1,-1,0,0,0,0.0,MHIST_ebj,MHIST_ebj
0,0,1,0,0,0,1,-1,-1,-1,0,0,2,0.2857142857142857,MHIST_ebm,MHIST_ebm
0,0,0,0,1,0,0,-1,-1,-1,0,0,1,0.14285714285714285,MHIST_ebn,MHIST_ebn
0,0,0,1,0,0,0,-1,-1,-1,0,0,1,0.14285714285714285,MHIST_ebo,MHIST_ebo
0,0,0,0,0,1,0,-1,-1,-1,0,0,1,0.14285714285714285,MHIST_ebq,MHIST_ebq
1,0,0,1,0,0,0,-1,-1,-1,0,0,2,0.2857142857142857,MHIST_ebs,MHIST_ebs
0,1,0,0,0,1,1,-1,-1,-1,0,0,3,0.42857142857142855,MHIST_ebv,MHIST_ebv
0,0,0,1,1,0,0,-1,-1,-1,0,0,2,0.2857142857142857,MHIST_ebx,MHIST_ebx
1,1,0,1,1,1,0,-1,-1,-1,1,1,5,0.7142857142857143,MHIST_ebz,MHIST_ebz
0,1,1,1,0,0,0,-1,-1,-1,0,0,3,0.42857142857142855,MHIST_eca,MHIST_eca
0,1,1,1,0,1,1,-1,-1,-1,1,1,5,0.7142857142857143,MHIST_ecd,MHIST_ecd
0,0,0,0,0,0,0,-1,-1,-1,0,0,0,0.0,MHIST_ecf,MHIST_ecf
0,0,0,1,0,0,0,-1,-1,-1,0,0,1,0.14285714285714285,MHIST_ecg,MHIST_ecg
0,0,0,1,0,0,0,-1,-1,-1,0,0,1,0.14285714285714285,MHIST_ecm,MHIST_ecm
1,0,1,0,0,1,1,-1,-1,-1,1,1,4,0.5714285714285714,MHIST_ecp,MHIST_ecp
1,0,0,0,1,1,0,-1,-1,-1,0,0,3,0.42857142857142855,MHIST_ecq,MHIST_ecq
0,0,0,0,0,0,0,-1,-1,-1,0,0,0,0.0,MHIST_ecs,MHIST_ecs
0,0,0,0,0,0,0,-1,-1,-1,0,0,0,0.0,MHIST_ect,MHIST_ect
0,1,0,0,0,0,0,-1,-1,-1,0,0,1,0.14285714285714285,MHIST_ecu,MHIST_ecu
1,0,0,0,1,0,0,-1,-1,-1,0,0,2,0.2857142857142857,MHIST_ecv,MHIST_ecv
0,0,0,0,0,0,0,-1,-1,-1,0,0,0,0.0,MHIST_ecw,MHIST_ecw
1,0,0,1,0,1,1,-1,-1,-1,1,1,4,0.5714285714285714,MHIST_ecy,MHIST_ecy
0,0,0,0,0,0,0,-1,-1,-1,0,0,0,0.0,MHIST_edb,MHIST_edb
0,1,1,0,1,0,0,-1,-1,-1,0,0,3,0.42857142857142855,MHIST_edc,MHIST_edc
1,1,0,1,1,1,0,-1,-1,-1,1,1,5,0.7142857142857143,MHIST_ede,MHIST_ede
0,0,1,0,0,0,1,-1,-1,-1,0,0,2,0.2857142857142857,MHIST_edk,MHIST_edk
0,0,0,0,0,0,0,-1,-1,-1,0,0,0,0.0,MHIST_edq,MHIST_edq
0,1,1,0,1,0,0,-1,-1,-1,0,0,3,0.42857142857142855,MHIST_edr,MHIST_edr
0,0,0,0,0,0,0,-1,-1,-1,0,0,0,0.0,MHIST_edu,MHIST_edu
1,0,0,0,0,0,0,-1,-1,-1,0,0,1,0.14285714285714285,MHIST_edv,MHIST_edv
0,0,0,0,0,0,0,-1,-1,-1,0,0,0,0.0,MHIST_edw,MHIST_edw
0,1,0,0,0,0,0,-1,-1,-1,0,0,1,0.14285714285714285,MHIST_edx,MHIST_edx
1,0,0,0,0,0,0,-1,-1,-1,0,0,1,0.14285714285714285,MHIST_edy,MHIST_edy
0,1,0,0,0,0,0,-1,-1,-1,0,0,1,0.14285714285714285,MHIST_edz,MHIST_edz
0,0,0,0,0,0,0,-1,-1,-1,0,0,0,0.0,MHIST_eea,MHIST_eea
0,0,0,0,0,0,0,-1,-1,-1,0,0,0,0.0,MHIST_eed,MHIST_eed
0,1,1,0,1,0,0,-1,-1,-1,0,0,3,0.42857142857142855,MHIST_eeg,MHIST_eeg
1,0,0,1,0,0,0,-1,-1,-1,0,0,2,0.2857142857142857,MHIST_eej,MHIST_eej
0,1,1,1,1,1,0,-1,-1,-1,1,1,5,0.7142857142857143,MHIST_eek,MHIST_eek
0,0,1,1,0,0,1,-1,-1,-1,0,0,3,0.42857142857142855,MHIST_eel,MHIST_eel
0,0,0,1,0,0,0,-1,-1,-1,0,0,1,0.14285714285714285,MHIST_eem,MHIST_eem
0,0,0,0,1,0,0,-1,-1,-1,0,0,1,0.14285714285714285,MHIST_eep,MHIST_eep
0,0,1,1,0,1,0,-1,-1,-1,0,0,3,0.42857142857142855,MHIST_eer,MHIST_eer
0,0,1,0,0,0,0,-1,-1,-1,0,0,1,0.14285714285714285,MHIST_eet,MHIST_eet
0,0,0,0,0,0,0,-1,-1,-1,0,0,0,0.0,MHIST_eev,MHIST_eev
0,0,0,0,0,0,0,-1,-1,-1,0,0,0,0.0,MHIST_eew,MHIST_eew
0,1,0,1,1,0,1,-1,-1,-1,1,1,4,0.5714285714285714,MHIST_eex,MHIST_eex
1,0,1,0,0,0,0,-1,-1,-1,0,0,2,0.2857142857142857,MHIST_eez,MHIST_eez
0,0,1,0,0,0,0,-1,-1,-1,0,0,1,0.14285714285714285,MHIST_efc,MHIST_efc
0,0,0,1,0,0,0,-1,-1,-1,0,0,1,0.14285714285714285,MHIST_efg,MHIST_efg
0,0,0,0,0,0,0,-1,-1,-1,0,0,0,0.0,MHIST_efi,MHIST_efi
0,0,0,0,0,0,0,-1,-1,-1,0,0,0,0.0,MHIST_efj,MHIST_efj
0,0,0,1,1,1,0,-1,-1,-1,0,0,3,0.42857142857142855,MHIST_efk,MHIST_efk
0,0,1,0,0,1,0,-1,-1,-1,0,0,2,0.2857142857142857,MHIST_efn,MHIST_efn
1,0,1,1,0,0,0,-1,-1,-1,0,0,3,0.42857142857142855,MHIST_efp,MHIST_efp
1,1,0,0,1,0,0,-1,-1,-1,0,0,3,0.42857142857142855,MHIST_efq,MHIST_efq
0,0,0,0,1,0,0,-1,-1,-1,0,0,1,0.14285714285714285,MHIST_eft,MHIST_eft
0,0,0,1,0,0,0,-1,-1,-1,0,0,1,0.14285714285714285,MHIST_efx,MHIST_efx
1,0,0,0,0,0,0,-1,-1,-1,0,0,1,0.14285714285714285,MHIST_ega,MHIST_ega
0,0,0,1,0,0,0,-1,-1,-1,0,0,1,0.14285714285714285,MHIST_egc,MHIST_egc
1,0,1,1,0,1,0,-1,-1,-1,1,1,4,0.5714285714285714,MHIST_egh,MHIST_egh
0,0,0,0,0,0,0,-1,-1,-1,0,0,0,0.0,MHIST_egj,MHIST_egj
0,0,0,0,0,0,0,-1,-1,-1,0,0,0,0.0,MHIST_egl,MHIST_egl
0,0,0,0,0,0,0,-1,-1,-1,0,0,0,0.0,MHIST_egm,MHIST_egm
0,0,0,0,0,0,0,-1,-1,-1,0,0,0,0.0,MHIST_ego,MHIST_ego
1,0,0,1,0,1,1,-1,-1,-1,1,1,4,0.5714285714285714,MHIST_egp,MHIST_egp
0,0,0,0,0,0,1,-1,-1,-1,0,0,1,0.14285714285714285,MHIST_egq,MHIST_egq
0,1,0,0,1,1,0,-1,-1,-1,0,0,3,0.42857142857142855,MHIST_egr,MHIST_egr
0,0,0,1,1,0,1,-1,-1,-1,0,0,3,0.42857142857142855,MHIST_egs,MHIST_egs
0,1,0,0,0,0,0,-1,-1,-1,0,0,1,0.14285714285714285,MHIST_egt,MHIST_egt
0,0,0,1,0,1,0,-1,-1,-1,0,0,2,0.2857142857142857,MHIST_egu,MHIST_egu
1,0,1,0,0,0,1,-1,-1,-1,0,0,3,0.42857142857142855,MHIST_egv,MHIST_egv
0,0,1,0,0,0,1,-1,-1,-1,0,0,2,0.2857142857142857,MHIST_egx,MHIST_egx
0,0,1,0,0,0,1,-1,-1,-1,0,0,2,0.2857142857142857,MHIST_egy,MHIST_egy
0,0,0,0,0,0,0,-1,-1,-1,0,0,0,0.0,MHIST_ehe,MHIST_ehe
0,0,0,0,0,0,0,-1,-1,-1,0,0,0,0.0,MHIST_ehf,MHIST_ehf
0,0,1,0,0,0,0,-1,-1,-1,0,0,1,0.14285714285714285,MHIST_ehi,MHIST_ehi
0,0,0,0,1,0,0,-1,-1,-1,0,0,1,0.14285714285714285,MHIST_ehj,MHIST_ehj
0,0,0,1,1,0,0,-1,-1,-1,0,0,2,0.2857142857142857,MHIST_ehl,MHIST_ehl
0,0,0,0,0,0,0,-1,-1,-1,0,0,0,0.0,MHIST_ehp,MHIST_ehp
1,0,0,1,1,1,1,-1,-1,-1,1,1,5,0.7142857142857143,MHIST_ehr,MHIST_ehr
0,0,0,0,0,0,0,-1,-1,-1,0,0,0,0.0,MHIST_ehu,MHIST_ehu
0,0,0,0,0,0,0,-1,-1,-1,0,0,0,0.0,MHIST_ehv,MHIST_ehv
1,0,0,1,0,0,0,-1,-1,-1,0,0,2,0.2857142857142857,MHIST_ehx,MHIST_ehx
0,1,0,0,0,0,0,-1,-1,-1,0,0,1,0.14285714285714285,MHIST_ehy,MHIST_ehy
0,0,0,0,0,1,0,-1,-1,-1,0,0,1,0.14285714285714285,MHIST_eia,MHIST_eia
0,0,0,0,0,0,0,-1,-1,-1,0,0,0,0.0,MHIST_eid,MHIST_eid
0,0,0,0,0,0,0,-1,-1,-1,0,0,0,0.0,MHIST_eif,MHIST_eif
0,0,0,0,1,0,0,-1,-1,-1,0,0,1,0.14285714285714285,MHIST_eig,MHIST_eig
1,0,0,0,1,0,1,-1,-1,-1,0,0,3,0.42857142857142855,MHIST_eih,MHIST_eih
0,1,0,1,0,0,0,-1,-1,-1,0,0,2,0.2857142857142857,MHIST_eij,MHIST_eij
1,0,0,0,0,0,0,-1,-1,-1,0,0,1,0.14285714285714285,MHIST_eik,MHIST_eik
0,1,0,0,0,1,0,-1,-1,-1,0,0,2,0.2857142857142857,MHIST_ein,MHIST_ein
0,0,0,0,0,0,0,-1,-1,-1,0,0,0,0.0,MHIST_eip,MHIST_eip
0,1,0,0,1,0,0,-1,-1,-1,0,0,2,0.2857142857142857,MHIST_eis,MHIST_eis
1,0,1,0,1,1,0,-1,-1,-1,1,1,4,0.5714285714285714,MHIST_eit,MHIST_eit
0,0,0,0,0,0,0,-1,-1,-1,0,0,0,0.0,MHIST_eiw,MHIST_eiw
0,1,0,0,0,0,0,-1,-1,-1,0,0,1,0.14285714285714285,MHIST_eix,MHIST_eix
0,0,0,0,0,0,1,-1,-1,-1,0,0,1,0.14285714285714285,MHIST_eiz,MHIST_eiz
0,0,1,1,1,0,0,-1,-1,-1,0,0,3,0.42857142857142855,MHIST_eja,MHIST_eja
0,1,1,0,0,0,0,-1,-1,-1,0,0,2,0.2857142857142857,MHIST_ejb,MHIST_ejb
1,0,0,0,0,0,0,-1,-1,-1,0,0,1,0.14285714285714285,MHIST_ejg,MHIST_ejg
0,0,0,0,0,0,0,-1,-1,-1,0,0,0,0.0,MHIST_eji,MHIST_eji
0,0,0,0,0,0,0,-1,-1,-1,0,0,0,0.0,MHIST_ejj,MHIST_ejj
1,0,0,0,0,0,0,-1,-1,-1,0,0,1,0.14285714285714285,MHIST_ejk,MHIST_ejk
0,1,1,1,0,0,0,-1,-1,-1,0,0,3,0.42857142857142855,MHIST_ejq,MHIST_ejq
1,1,0,1,0,1,0,-1,-1,-1,1,1,4,0.5714285714285714,MHIST_ejs,MHIST_ejs
0,0,1,1,0,1,0,-1,-1,-1,0,0,3,0.42857142857142855,MHIST_ejt,MHIST_ejt
0,0,0,0,0,0,1,-1,-1,-1,0,0,1,0.14285714285714285,MHIST_eju,MHIST_eju
1,0,0,0,1,1,1,-1,-1,-1,1,1,4,0.5714285714285714,MHIST_ejv,MHIST_ejv
0,1,0,0,1,1,0,-1,-1,-1,0,0,3,0.42857142857142855,MHIST_ejw,MHIST_ejw
0,0,0,0,0,0,0,-1,-1,-1,0,0,0,0.0,MHIST_ejx,MHIST_ejx
0,0,0,1,0,0,0,-1,-1,-1,0,0,1,0.14285714285714285,MHIST_ejy,MHIST_ejy
0,0,0,1,0,0,1,-1,-1,-1,0,0,2,0.2857142857142857,MHIST_ejz,MHIST_ejz
0,0,0,1,0,0,1,-1,-1,-1,0,0,2,0.2857142857142857,MHIST_eka,MHIST_eka
1,0,0,0,0,0,0,-1,-1,-1,0,0,1,0.14285714285714285,MHIST_ekb,MHIST_ekb
0,0,1,0,1,0,0,-1,-1,-1,0,0,2,0.2857142857142857,MHIST_ekd,MHIST_ekd
0,0,0,1,0,0,0,-1,-1,-1,0,0,1,0.14285714285714285,MHIST_ekk,MHIST_ekk
0,1,0,0,0,0,0,-1,-1,-1,0,0,1,0.14285714285714285,MHIST_ekl,MHIST_ekl
0,1,0,0,0,0,1,-1,-1,-1,0,0,2,0.2857142857142857,MHIST_eko,MHIST_eko
0,1,0,0,0,0,0,-1,-1,-1,0,0,1,0.14285714285714285,MHIST_ekp,MHIST_ekp
0,1,0,0,1,1,1,-1,-1,-1,1,1,4,0.5714285714285714,MHIST_ekq,MHIST_ekq
0,0,0,1,1,0,1,-1,-1,-1,0,0,3,0.42857142857142855,MHIST_ekr,MHIST_ekr
0,0,0,0,0,0,1,-1,-1,-1,0,0,1,0.14285714285714285,MHIST_ekt,MHIST_ekt
0,0,1,0,0,0,0,-1,-1,-1,0,0,1,0.14285714285714285,MHIST_eku,MHIST_eku
0,0,0,0,1,0,0,-1,-1,-1,0,0,1,0.14285714285714285,MHIST_ekv,MHIST_ekv
0,0,0,0,0,1,0,-1,-1,-1,0,0,1,0.14285714285714285,MHIST_ekw,MHIST_ekw
0,0,0,1,0,0,0,-1,-1,-1,0,0,1,0.14285714285714285,MHIST_ekz,MHIST_ekz
0,0,0,0,0,0,0,-1,-1,-1,0,0,0,0.0,MHIST_elc,MHIST_elc
0,0,1,0,1,1,1,-1,-1,-1,1,1,4,0.5714285714285714,MHIST_eld,MHIST_eld
0,0,0,0,0,0,0,-1,-1,-1,0,0,0,0.0,MHIST_elg,MHIST_elg
0,0,0,0,0,0,0,-1,-1,-1,0,0,0,0.0,MHIST_elq,MHIST_elq
0,0,1,0,0,0,0,-1,-1,-1,0,0,1,0.14285714285714285,MHIST_elr,MHIST_elr
0,0,0,0,0,0,0,-1,-1,-1,0,0,0,0.0,MHIST_ely,MHIST_ely
0,0,0,0,0,0,0,-1,-1,-1,0,0,0,0.0,MHIST_elz,MHIST_elz
0,0,0,0,0,0,0,-1,-1,-1,0,0,0,0.0,MHIST_emb,MHIST_emb
0,1,1,1,0,1,0,-1,-1,-1,1,1,4,0.5714285714285714,MHIST_emc,MHIST_emc
0,0,0,0,1,0,0,-1,-1,-1,0,0,1,0.14285714285714285,MHIST_emd,MHIST_emd
0,0,0,1,0,0,0,-1,-1,-1,0,0,1,0.14285714285714285,MHIST_eme,MHIST_eme
0,0,0,0,0,0,0,-1,-1,-1,0,0,0,0.0,MHIST_emh,MHIST_emh
0,0,0,0,0,0,0,-1,-1,-1,0,0,0,0.0,MHIST_emi,MHIST_emi
0,0,0,0,0,1,0,-1,-1,-1,0,0,1,0.14285714285714285,MHIST_emj,MHIST_emj
0,0,1,0,1,1,0,-1,-1,-1,0,0,3,0.42857142857142855,MHIST_emk,MHIST_emk
0,0,0,0,0,0,0,-1,-1,-1,0,0,0,0.0,MHIST_eml,MHIST_eml
0,0,0,0,0,0,0,-1,-1,-1,0,0,0,0.0,MHIST_emm,MHIST_emm
0,0,0,0,0,0,0,-1,-1,-1,0,0,0,0.0,MHIST_emn,MHIST_emn
0,0,0,0,0,0,0,-1,-1,-1,0,0,0,0.0,MHIST_emo,MHIST_emo
1,0,0,1,1,0,1,-1,-1,-1,1,1,4,0.5714285714285714,MHIST_emw,MHIST_emw
0,0,0,0,0,0,1,-1,-1,-1,0,0,1,0.14285714285714285,MHIST_emz,MHIST_emz
0,0,0,0,0,0,0,-1,-1,-1,0,0,0,0.0,MHIST_enb,MHIST_enb
0,0,0,0,0,0,0,-1,-1,-1,0,0,0,0.0,MHIST_enf,MHIST_enf
0,0,0,0,0,0,0,-1,-1,-1,0,0,0,0.0,MHIST_eng,MHIST_eng
0,0,0,0,0,0,0,-1,-1,-1,0,0,0,0.0,MHIST_enh,MHIST_enh
0,0,0,1,0,0,0,-1,-1,-1,0,0,1,0.14285714285714285,MHIST_eni,MHIST_eni
0,0,1,0,0,0,0,-1,-1,-1,0,0,1,0.14285714285714285,MHIST_enj,MHIST_enj
0,0,0,0,0,0,0,-1,-1,-1,0,0,0,0.0,MHIST_enn,MHIST_enn
0,0,0,0,0,0,0,-1,-1,-1,0,0,0,0.0,MHIST_eno,MHIST_eno
1,0,0,0,0,0,1,-1,-1,-1,0,0,2,0.2857142857142857,MHIST_enp,MHIST_enp
1,0,0,1,0,1,0,-1,-1,-1,0,0,3,0.42857142857142855,MHIST_ens,MHIST_ens
0,1,1,0,0,0,0,-1,-1,-1,0,0,2,0.2857142857142857,MHIST_ent,MHIST_ent
0,0,0,0,1,0,0,-1,-1,-1,0,0,1,0.14285714285714285,MHIST_enw,MHIST_enw
0,0,0,0,0,0,0,-1,-1,-1,0,0,0,0.0,MHIST_eoa,MHIST_eoa
0,0,0,0,0,0,0,-1,-1,-1,0,0,0,0.0,MHIST_eob,MHIST_eob
0,0,0,0,0,0,0,-1,-1,-1,0,0,0,0.0,MHIST_eof,MHIST_eof
0,0,0,0,0,0,0,-1,-1,-1,0,0,0,0.0,MHIST_eog,MHIST_eog
0,0,0,0,0,1,0,-1,-1,-1,0,0,1,0.14285714285714285,MHIST_eoi,MHIST_eoi
0,0,0,0,0,0,1,-1,-1,-1,0,0,1,0.14285714285714285,MHIST_eoj,MHIST_eoj
0,0,0,0,0,0,0,-1,-1,-1,0,0,0,0.0,MHIST_eok,MHIST_eok
0,0,0,0,0,0,0,-1,-1,-1,0,0,0,0.0,MHIST_eom,MHIST_eom
0,0,0,0,0,0,0,-1,-1,-1,0,0,0,0.0,MHIST_eon,MHIST_eon
0,1,0,0,0,0,0,-1,-1,-1,0,0,1,0.14285714285714285,MHIST_eoo,MHIST_eoo
0,0,0,0,0,0,0,-1,-1,-1,0,0,0,0.0,MHIST_eos,MHIST_eos
0,0,0,0,0,0,0,-1,-1,-1,0,0,0,0.0,MHIST_eot,MHIST_eot
0,0,0,0,0,0,0,-1,-1,-1,0,0,0,0.0,MHIST_eoy,MHIST_eoy
0,0,0,0,0,0,0,-1,-1,-1,0,0,0,0.0,MHIST_epa,MHIST_epa
0,0,0,0,0,0,0,-1,-1,-1,0,0,0,0.0,MHIST_epb,MHIST_epb
0,1,0,0,0,0,0,-1,-1,-1,0,0,1,0.14285714285714285,MHIST_epc,MHIST_epc
0,0,0,0,0,0,0,-1,-1,-1,0,0,0,0.0,MHIST_epd,MHIST_epd
0,0,0,0,0,0,0,-1,-1,-1,0,0,0,0.0,MHIST_epe,MHIST_epe
0,0,0,0,1,0,1,-1,-1,-1,0,0,2,0.2857142857142857,MHIST_epg,MHIST_epg
0,0,1,0,1,1,1,-1,-1,-1,1,1,4,0.5714285714285714,MHIST_eph,MHIST_eph
0,0,0,0,0,1,1,-1,-1,-1,0,0,2,0.2857142857142857,MHIST_epi,MHIST_epi
0,0,0,0,0,0,0,-1,-1,-1,0,0,0,0.0,MHIST_epq,MHIST_epq
0,0,0,0,0,0,0,-1,-1,-1,0,0,0,0.0,MHIST_epu,MHIST_epu
0,0,0,0,0,0,0,-1,-1,-1,0,0,0,0.0,MHIST_epv,MHIST_epv
0,0,0,0,0,0,0,-1,-1,-1,0,0,0,0.0,MHIST_epw,MHIST_epw
0,1,1,0,1,0,0,-1,-1,-1,0,0,3,0.42857142857142855,MHIST_epz,MHIST_epz
0,0,0,0,0,0,0,-1,-1,-1,0,0,0,0.0,MHIST_eqd,MHIST_eqd
1,0,0,0,0,0,0,-1,-1,-1,0,0,1,0.14285714285714285,MHIST_eqf,MHIST_eqf
0,0,1,0,1,0,1,-1,-1,-1,0,0,3,0.42857142857142855,MHIST_eqh,MHIST_eqh
0,0,1,0,0,0,0,-1,-1,-1,0,0,1,0.14285714285714285,MHIST_eqk,MHIST_eqk
0,0,0,1,0,1,0,-1,-1,-1,0,0,2,0.2857142857142857,MHIST_eql,MHIST_eql
1,1,0,1,1,0,0,-1,-1,-1,1,1,4,0.5714285714285714,MHIST_eqm,MHIST_eqm
0,0,1,0,0,0,0,-1,-1,-1,0,0,1,0.14285714285714285,MHIST_eqn,MHIST_eqn
0,0,0,0,0,0,0,-1,-1,-1,0,0,0,0.0,MHIST_eqq,MHIST_eqq
0,0,0,0,1,0,0,-1,-1,-1,0,0,1,0.14285714285714285,MHIST_eqr,MHIST_eqr
1,0,0,0,0,1,0,-1,-1,-1,0,0,2,0.2857142857142857,MHIST_eqs,MHIST_eqs
1,1,0,1,0,1,0,-1,-1,-1,1,1,4,0.5714285714285714,MHIST_eqw,MHIST_eqw
1,0,0,0,1,0,0,-1,-1,-1,0,0,2,0.2857142857142857,MHIST_erb,MHIST_erb
0,1,0,0,0,0,0,-1,-1,-1,0,0,1,0.14285714285714285,MHIST_ere,MHIST_ere
0,0,0,1,0,0,0,-1,-1,-1,0,0,1,0.14285714285714285,MHIST_erf,MHIST_erf
1,1,0,1,1,0,1,-1,-1,-1,1,1,5,0.7142857142857143,MHIST_aei,MHIST_aei
0,1,0,0,1,0,0,-1,-1,-1,0,0,2,0.2857142857142857,MHIST_afk,MHIST_afk
1,1,0,1,0,1,0,-1,-1,-1,1,1,4,0.5714285714285714,MHIST_aip,MHIST_aip
0,1,0,1,1,0,0,-1,-1,-1,0,0,3,0.42857142857142855,MHIST_akh,MHIST_akh
1,1,1,0,0,1,0,-1,-1,-1,1,1,4,0.5714285714285714,MHIST_akq,MHIST_akq
1,1,1,0,0,1,1,-1,-1,-1,1,1,5,0.7142857142857143,MHIST_akr,MHIST_akr
0,0,1,1,0,0,0,-1,-1,-1,0,0,2,0.2857142857142857,MHIST_asz,MHIST_asz
0,1,1,1,0,0,0,-1,-1,-1,0,0,3,0.42857142857142855,MHIST_atn,MHIST_atn
0,0,0,1,0,0,1,-1,-1,-1,0,0,2,0.2857142857142857,MHIST_awr,MHIST_awr
1,1,0,0,0,1,1,-1,-1,-1,1,1,4,0.5714285714285714,MHIST_axd,MHIST_axd
0,1,1,0,0,0,0,-1,-1,-1,0,0,2,0.2857142857142857,MHIST_bco,MHIST_bco
0,0,1,0,1,1,0,-1,-1,-1,0,0,3,0.42857142857142855,MHIST_bhk,MHIST_bhk
0,1,0,0,1,0,0,-1,-1,-1,0,0,2,0.2857142857142857,MHIST_bma,MHIST_bma
1,0,0,0,1,0,1,-1,-1,-1,0,0,3,0.42857142857142855,MHIST_bpz,MHIST_bpz
1,1,1,0,0,0,1,-1,-1,-1,1,1,4,0.5714285714285714,MHIST_cpy,MHIST_cpy
0,0,1,0,1,1,0,-1,-1,-1,0,0,3,0.42857142857142855,MHIST_crg,MHIST_crg
0,1,1,0,0,0,0,-1,-1,-1,0,0,2,0.2857142857142857,MHIST_cvh,MHIST_cvh
1,1,1,0,0,0,0,-1,-1,-1,0,0,3,0.42857142857142855,MHIST_ddv,MHIST_ddv
1,0,0,1,0,1,1,-1,-1,-1,1,1,4,0.5714285714285714,MHIST_dnp,MHIST_dnp
1,0,0,1,0,0,0,-1,-1,-1,0,0,2,0.2857142857142857,MHIST_dwz,MHIST_dwz
0,0,1,1,0,0,1,-1,-1,-1,0,0,3,0.42857142857142855,MHIST_ecb,MHIST_ecb
0,1,0,1,0,1,0,-1,-1,-1,0,0,3,0.42857142857142855,MHIST_eln,MHIST_eln
1,1,1,0,1,0,1,-1,-1,-1,1,1,5,0.7142857142857143,MHIST_eoe,MHIST_eoe
1,1,1,1,1,0,1,-1,-1,-1,1,1,6,0.8571428571428571,MHIST_abi,MHIST_abi
1,0,1,1,1,0,0,-1,-1,-1,1,1,4,0.5714285714285714,MHIST_aed,MHIST_aed
1,1,0,1,1,0,1,-1,-1,-1,1,1,5,0.7142857142857143,MHIST_aeh,MHIST_aeh
1,1,1,0,1,1,1,-1,-1,-1,1,1,6,0.8571428571428571,MHIST_age,MHIST_age
1,1,1,1,0,1,1,-1,-1,-1,1,1,6,0.8571428571428571,MHIST_agf,MHIST_agf
0,1,0,1,1,1,0,-1,-1,-1,1,1,4,0.5714285714285714,MHIST_ahl,MHIST_ahl
1,1,1,0,1,0,1,-1,-1,-1,1,1,5,0.7142857142857143,MHIST_aln,MHIST_aln
1,0,1,1,1,1,1,-1,-1,-1,1,1,6,0.8571428571428571,MHIST_apn,MHIST_apn
0,1,0,1,0,1,1,-1,-1,-1,1,1,4,0.5714285714285714,MHIST_apt,MHIST_apt
1,0,0,1,1,1,0,-1,-1,-1,1,1,4,0.5714285714285714,MHIST_aqp,MHIST_aqp
1,1,1,0,1,0,0,-1,-1,-1,1,1,4,0.5714285714285714,MHIST_atj,MHIST_atj
0,1,1,1,0,0,1,-1,-1,-1,1,1,4,0.5714285714285714,MHIST_awg,MHIST_awg
1,1,0,1,1,1,0,-1,-1,-1,1,1,5,0.7142857142857143,MHIST_aya,MHIST_aya
1,1,1,0,1,0,1,-1,-1,-1,1,1,5,0.7142857142857143,MHIST_ayv,MHIST_ayv
0,1,1,0,0,1,1,-1,-1,-1,1,1,4,0.5714285714285714,MHIST_azj,MHIST_azj
1,1,1,0,0,1,0,-1,-1,-1,1,1,4,0.5714285714285714,MHIST_bbh,MHIST_bbh
0,1,1,1,0,1,1,-1,-1,-1,1,1,5,0.7142857142857143,MHIST_bbw,MHIST_bbw
0,1,1,1,0,0,0,-1,-1,-1,0,0,3,0.42857142857142855,MHIST_beb,MHIST_beb
0,1,0,1,1,0,0,-1,-1,-1,0,0,3,0.42857142857142855,MHIST_bee,MHIST_bee
1,1,1,1,0,1,0,-1,-1,-1,1,1,5,0.7142857142857143,MHIST_bew,MHIST_bew
0,0,1,1,0,1,1,-1,-1,-1,1,1,4,0.5714285714285714,MHIST_bff,MHIST_bff
0,0,0,0,1,0,1,-1,-1,-1,0,0,2,0.2857142857142857,MHIST_bfn,MHIST_bfn
1,1,0,0,1,0,1,-1,-1,-1,1,1,4,0.5714285714285714,MHIST_bgc,MHIST_bgc
0,1,1,1,1,0,1,-1,-1,-1,1,1,5,0.7142857142857143,MHIST_bgh,MHIST_bgh
1,1,0,1,1,1,0,-1,-1,-1,1,1,5,0.7142857142857143,MHIST_bgp,MHIST_bgp
1,1,0,1,0,1,1,-1,-1,-1,1,1,5,0.7142857142857143,MHIST_bgv,MHIST_bgv
1,1,1,1,1,0,0,-1,-1,-1,1,1,5,0.7142857142857143,MHIST_biw,MHIST_biw
0,1,1,1,0,1,1,-1,-1,-1,1,1,5,0.7142857142857143,MHIST_bkl,MHIST_bkl
1,0,0,1,1,1,0,-1,-1,-1,1,1,4,0.5714285714285714,MHIST_blt,MHIST_blt
1,0,1,1,1,1,1,-1,-1,-1,1,1,6,0.8571428571428571,MHIST_blu,MHIST_blu
1,0,0,0,0,1,1,-1,-1,-1,0,0,3,0.42857142857142855,MHIST_blz,MHIST_blz
1,1,1,1,0,1,1,-1,-1,-1,1,1,6,0.8571428571428571,MHIST_bms,MHIST_bms
1,0,1,1,0,1,0,-1,-1,-1,1,1,4,0.5714285714285714,MHIST_bnp,MHIST_bnp
1,1,1,0,1,0,0,-1,-1,-1,1,1,4,0.5714285714285714,MHIST_bnr,MHIST_bnr
0,1,1,1,0,1,1,-1,-1,-1,1,1,5,0.7142857142857143,MHIST_bow,MHIST_bow
1,1,1,0,0,1,0,-1,-1,-1,1,1,4,0.5714285714285714,MHIST_boy,MHIST_boy
0,1,0,1,1,1,1,-1,-1,-1,1,1,5,0.7142857142857143,MHIST_bqe,MHIST_bqe
1,1,0,1,1,0,1,-1,-1,-1,1,1,5,0.7142857142857143,MHIST_bqk,MHIST_bqk
1,1,1,0,1,0,0,-1,-1,-1,1,1,4,0.5714285714285714,MHIST_brl,MHIST_brl
1,1,1,1,1,1,0,-1,-1,-1,1,1,6,0.8571428571428571,MHIST_bsx,MHIST_bsx
1,0,1,1,1,0,1,-1,-1,-1,1,1,5,0.7142857142857143,MHIST_btu,MHIST_btu
0,1,1,1,1,1,0,-1,-1,-1,1,1,5,0.7142857142857143,MHIST_bvn,MHIST_bvn
1,0,1,0,0,1,1,-1,-1,-1,1,1,4,0.5714285714285714,MHIST_bvq,MHIST_bvq
0,0,1,1,1,0,1,-1,-1,-1,1,1,4,0.5714285714285714,MHIST_bwu,MHIST_bwu
1,0,1,1,1,1,1,-1,-1,-1,1,1,6,0.8571428571428571,MHIST_byy,MHIST_byy
1,1,0,1,0,1,0,-1,-1,-1,1,1,4,0.5714285714285714,MHIST_byz,MHIST_byz
1,1,1,0,1,0,1,-1,-1,-1,1,1,5,0.7142857142857143,MHIST_bzk,MHIST_bzk
1,0,1,1,1,1,1,-1,-1,-1,1,1,6,0.8571428571428571,MHIST_bzw,MHIST_bzw
0,1,1,1,1,0,0,-1,-1,-1,1,1,4,0.5714285714285714,MHIST_cdy,MHIST_cdy
1,1,1,0,1,0,0,-1,-1,-1,1,1,4,0.5714285714285714,MHIST_cfy,MHIST_cfy
1,1,0,0,1,1,1,-1,-1,-1,1,1,5,0.7142857142857143,MHIST_chp,MHIST_chp
1,1,1,0,1,0,1,-1,-1,-1,1,1,5,0.7142857142857143,MHIST_cnv,MHIST_cnv
1,1,1,1,0,0,0,-1,-1,-1,1,1,4,0.5714285714285714,MHIST_cnw,MHIST_cnw
1,1,1,0,1,1,1,-1,-1,-1,1,1,6,0.8571428571428571,MHIST_crs,MHIST_crs
0,1,0,1,1,0,1,-1,-1,-1,1,1,4,0.5714285714285714,MHIST_cwt,MHIST_cwt
0,1,1,1,1,1,1,-1,-1,-1,1,1,6,0.8571428571428571,MHIST_dam,MHIST_dam
0,1,1,1,1,1,1,-1,-1,-1,1,1,6,0.8571428571428571,MHIST_dav,MHIST_dav
0,0,1,1,1,1,1,-1,-1,-1,1,1,5,0.7142857142857143,MHIST_dbz,MHIST_dbz
1,1,1,0,1,1,1,-1,-1,-1,1,1,6,0.8571428571428571,MHIST_dcm,MHIST_dcm
1,1,1,1,1,0,1,-1,-1,-1,1,1,6,0.8571428571428571,MHIST_ddw,MHIST_ddw
0,1,1,0,1,0,1,-1,-1,-1,1,1,4,0.5714285714285714,MHIST_djk,MHIST_djk
1,0,1,0,0,1,1,-1,-1,-1,1,1,4,0.5714285714285714,MHIST_dkj,MHIST_dkj
1,0,1,0,1,1,1,-1,-1,-1,1,1,5,0.7142857142857143,MHIST_dkn,MHIST_dkn
1,0,1,1,0,1,1,-1,-1,-1,1,1,5,0.7142857142857143,MHIST_dmj,MHIST_dmj
1,1,1,0,1,0,1,-1,-1,-1,1,1,5,0.7142857142857143,MHIST_doh,MHIST_doh
0,0,1,0,1,1,1,-1,-1,-1,1,1,4,0.5714285714285714,MHIST_dpl,MHIST_dpl
1,0,1,0,1,0,1,-1,-1,-1,1,1,4,0.5714285714285714,MHIST_dpt,MHIST_dpt
0,1,1,1,1,1,1,-1,-1,-1,1,1,6,0.8571428571428571,MHIST_dso,MHIST_dso
0,1,0,1,1,1,1,-1,-1,-1,1,1,5,0.7142857142857143,MHIST_dtu,MHIST_dtu
1,0,1,0,1,1,1,-1,-1,-1,1,1,5,0.7142857142857143,MHIST_dui,MHIST_dui
1,1,0,0,0,1,1,-1,-1,-1,1,1,4,0.5714285714285714,MHIST_duq,MHIST_duq
1,1,0,1,1,1,0,-1,-1,-1,1,1,5,0.7142857142857143,MHIST_dvk,MHIST_dvk
1,1,1,1,0,1,1,-1,-1,-1,1,1,6,0.8571428571428571,MHIST_dwc,MHIST_dwc
1,1,1,1,0,1,1,-1,-1,-1,1,1,6,0.8571428571428571,MHIST_dwq,MHIST_dwq
1,1,1,1,0,1,0,-1,-1,-1,1,1,5,0.7142857142857143,MHIST_edl,MHIST_edl
1,1,0,1,1,1,1,-1,-1,-1,1,1,6,0.8571428571428571,MHIST_efa,MHIST_efa
1,1,1,0,0,1,1,-1,-1,-1,1,1,5,0.7142857142857143,MHIST_efo,MHIST_efo
1,1,1,1,0,1,1,-1,-1,-1,1,1,6,0.8571428571428571,MHIST_egk,MHIST_egk
0,1,1,1,1,1,0,-1,-1,-1,1,1,5,0.7142857142857143,MHIST_egw,MHIST_egw
1,1,0,1,0,1,1,-1,-1,-1,1,1,5,0.7142857142857143,MHIST_eiq,MHIST_eiq
1,1,1,0,1,1,0,-1,-1,-1,1,1,5,0.7142857142857143,MHIST_eiu,MHIST_eiu
1,1,1,1,0,1,1,-1,-1,-1,1,1,6,0.8571428571428571,MHIST_eiv,MHIST_eiv
1,0,1,1,1,1,1,-1,-1,-1,1,1,6,0.8571428571428571,MHIST_ejh,MHIST_ejh
0,1,0,1,1,1,1,-1,-1,-1,1,1,5,0.7142857142857143,MHIST_ejn,MHIST_ejn
1,1,0,0,0,1,1,-1,-1,-1,1,1,4,0.5714285714285714,MHIST_elf,MHIST_elf
1,1,1,0,0,1,1,-1,-1,-1,1,1,5,0.7142857142857143,MHIST_ema,MHIST_ema
0,0,1,1,1,1,1,-1,-1,-1,1,1,5,0.7142857142857143,MHIST_epm,MHIST_epm
1,1,1,1,0,1,1,-1,-1,-1,1,1,6,0.8571428571428571,MHIST_epn,MHIST_epn
1,0,0,1,1,1,1,-1,-1,-1,1,1,5,0.7142857142857143,MHIST_epr,MHIST_epr
0,1,1,1,1,1,1,-1,-1,-1,1,1,6,0.8571428571428571,MHIST_erc,MHIST_erc
1,0,1,1,0,1,1,-1,-1,-1,1,1,5,0.7142857142857143,MHIST_cdd,MHIST_cdd
1,1,1,0,0,1,0,-1,-1,-1,1,1,4,0.5714285714285714,MHIST_ctf,MHIST_ctf
1,1,1,1,0,0,1,-1,-1,-1,1,1,5,0.7142857142857143,MHIST_eox,MHIST_eox
1,1,1,0,1,1,1,-1,-1,-1,1,1,6,0.8571428571428571,MHIST_bsk,MHIST_bsk
1,1,0,0,1,1,1,-1,-1,-1,1,1,5,0.7142857142857143,MHIST_cma,MHIST_cma
1,0,0,1,1,1,1,-1,-1,-1,1,1,5,0.7142857142857143,MHIST_cor,MHIST_cor
1,0,1,0,1,1,1,-1,-1,-1,1,1,5,0.7142857142857143,MHIST_cup,MHIST_cup
1,0,1,1,1,1,1,-1,-1,-1,1,1,6,0.8571428571428571,MHIST_dbk,MHIST_dbk
1,0,1,1,0,1,1,-1,-1,-1,1,1,5,0.7142857142857143,MHIST_dxm,MHIST_dxm
1,0,1,1,0,1,1,-1,-1,-1,1,1,5,0.7142857142857143,MHIST_aqf,MHIST_aqf
1,0,1,1,1,1,1,-1,-1,-1,1,1,6,0.8571428571428571,MHIST_awj,MHIST_awj
1,1,1,1,1,0,0,-1,-1,-1,1,1,5,0.7142857142857143,MHIST_axh,MHIST_axh
1,1,0,1,0,1,1,-1,-1,-1,1,1,5,0.7142857142857143,MHIST_ayc,MHIST_ayc
1,1,0,1,0,1,1,-1,-1,-1,1,1,5,0.7142857142857143,MHIST_ayn,MHIST_ayn
1,0,1,1,1,1,1,-1,-1,-1,1,1,6,0.8571428571428571,MHIST_azu,MHIST_azu
1,0,1,1,1,1,1,-1,-1,-1,1,1,6,0.8571428571428571,MHIST_cbc,MHIST_cbc
1,1,0,1,1,1,1,-1,-1,-1,1,1,6,0.8571428571428571,MHIST_cph,MHIST_cph
1,1,0,1,1,1,1,-1,-1,-1,1,1,6,0.8571428571428571,MHIST_cpu,MHIST_cpu
1,1,1,1,1,0,1,-1,-1,-1,1,1,6,0.8571428571428571,MHIST_cqc,MHIST_cqc
1,1,1,1,1,1,0,-1,-1,-1,1,1,6,0.8571428571428571,MHIST_daf,MHIST_daf
0,1,0,1,1,1,1,-1,-1,-1,1,1,5,0.7142857142857143,MHIST_dfk,MHIST_dfk
1,1,1,1,0,1,1,-1,-1,-1,1,1,6,0.8571428571428571,MHIST_dia,MHIST_dia
1,1,1,1,0,1,1,-1,-1,-1,1,1,6,0.8571428571428571,MHIST_djx,MHIST_djx
1,1,1,1,1,0,1,-1,-1,-1,1,1,6,0.8571428571428571,MHIST_dol,MHIST_dol
1,1,1,0,1,1,1,-1,-1,-1,1,1,6,0.8571428571428571,MHIST_dtv,MHIST_dtv
1,1,1,1,0,1,1,-1,-1,-1,1,1,6,0.8571428571428571,MHIST_dup,MHIST_dup
1,1,1,1,1,0,1,-1,-1,-1,1,1,6,0.8571428571428571,MHIST_dwu,MHIST_dwu
1,1,1,1,1,1,0,-1,-1,-1,1,1,6,0.8571428571428571,MHIST_dxr,MHIST_dxr
0,1,1,1,1,1,0,-1,-1,-1,1,1,5,0.7142857142857143,MHIST_eee,MHIST_eee
1,1,1,1,1,0,1,-1,-1,-1,1,1,6,0.8571428571428571,MHIST_ehn,MHIST_ehn
1,1,1,1,1,0,1,-1,-1,-1,1,1,6,0.8571428571428571,MHIST_eor,MHIST_eor
1,1,1,1,1,0,1,-1,-1,-1,1,1,6,0.8571428571428571,MHIST_eqo,MHIST_eqo
1,1,1,1,1,1,0,-1,-1,-1,1,1,6,0.8571428571428571,MHIST_aan,MHIST_aan
1,1,1,1,1,1,0,-1,-1,-1,1,1,6,0.8571428571428571,MHIST_agj,MHIST_agj
1,1,0,1,1,1,1,-1,-1,-1,1,1,6,0.8571428571428571,MHIST_ahc,MHIST_ahc
1,1,1,1,1,0,1,-1,-1,-1,1,1,6,0.8571428571428571,MHIST_ahu,MHIST_ahu
1,1,1,1,1,1,0,-1,-1,-1,1,1,6,0.8571428571428571,MHIST_aiq,MHIST_aiq
0,1,1,1,1,1,1,-1,-1,-1,1,1,6,0.8571428571428571,MHIST_akm,MHIST_akm
1,1,1,0,1,1,1,-1,-1,-1,1,1,6,0.8571428571428571,MHIST_amg,MHIST_amg
1,1,1,1,1,0,1,-1,-1,-1,1,1,6,0.8571428571428571,MHIST_amj,MHIST_amj
1,1,0,1,1,1,1,-1,-1,-1,1,1,6,0.8571428571428571,MHIST_anx,MHIST_anx
1,1,0,1,1,1,1,-1,-1,-1,1,1,6,0.8571428571428571,MHIST_anz,MHIST_anz
1,1,1,1,1,0,1,-1,-1,-1,1,1,6,0.8571428571428571,MHIST_aoh,MHIST_aoh
1,1,1,1,1,1,0,-1,-1,-1,1,1,6,0.8571428571428571,MHIST_aoi,MHIST_aoi
1,0,1,1,1,1,1,-1,-1,-1,1,1,6,0.8571428571428571,MHIST_aoj,MHIST_aoj
1,0,1,1,1,1,1,-1,-1,-1,1,1,6,0.8571428571428571,MHIST_aor,MHIST_aor
0,1,1,1,1,1,1,-1,-1,-1,1,1,6,0.8571428571428571,MHIST_apv,MHIST_apv
1,1,0,1,1,1,1,-1,-1,-1,1,1,6,0.8571428571428571,MHIST_aqd,MHIST_aqd
0,1,1,1,1,1,1,-1,-1,-1,1,1,6,0.8571428571428571,MHIST_aqs,MHIST_aqs
0,1,1,1,1,1,1,-1,-1,-1,1,1,6,0.8571428571428571,MHIST_arn,MHIST_arn
1,1,1,1,0,1,1,-1,-1,-1,1,1,6,0.8571428571428571,MHIST_asx,MHIST_asx
1,0,1,1,1,1,1,-1,-1,-1,1,1,6,0.8571428571428571,MHIST_atk,MHIST_atk
0,1,1,1,1,1,1,-1,-1,-1,1,1,6,0.8571428571428571,MHIST_avv,MHIST_avv
1,1,0,1,1,1,1,-1,-1,-1,1,1,6,0.8571428571428571,MHIST_awo,MHIST_awo
1,1,1,1,1,0,1,-1,-1,-1,1,1,6,0.8571428571428571,MHIST_aww,MHIST_aww
1,1,1,1,0,1,1,-1,-1,-1,1,1,6,0.8571428571428571,MHIST_axa,MHIST_axa
1,0,1,1,1,1,1,-1,-1,-1,1,1,6,0.8571428571428571,MHIST_axv,MHIST_axv
1,0,1,1,1,1,1,-1,-1,-1,1,1,6,0.8571428571428571,MHIST_ayo,MHIST_ayo
1,1,1,1,1,1,0,-1,-1,-1,1,1,6,0.8571428571428571,MHIST_azp,MHIST_azp
1,0,1,1,1,1,1,-1,-1,-1,1,1,6,0.8571428571428571,MHIST_azq,MHIST_azq
1,1,1,0,1,1,1,-1,-1,-1,1,1,6,0.8571428571428571,MHIST_bao,MHIST_bao
1,0,1,1,1,1,1,-1,-1,-1,1,1,6,0.8571428571428571,MHIST_bax,MHIST_bax
1,1,1,1,1,0,1,-1,-1,-1,1,1,6,0.8571428571428571,MHIST_bbt,MHIST_bbt
1,1,1,0,1,1,1,-1,-1,-1,1,1,6,0.8571428571428571,MHIST_bce,MHIST_bce
1,0,1,1,1,1,1,-1,-1,-1,1,1,6,0.8571428571428571,MHIST_bdp,MHIST_bdp
1,1,1,1,0,1,1,-1,-1,-1,1,1,6,0.8571428571428571,MHIST_beo,MHIST_beo
1,1,1,1,1,0,1,-1,-1,-1,1,1,6,0.8571428571428571,MHIST_beu,MHIST_beu
1,1,1,1,1,0,1,-1,-1,-1,1,1,6,0.8571428571428571,MHIST_bev,MHIST_bev
1,1,1,0,1,1,1,-1,-1,-1,1,1,6,0.8571428571428571,MHIST_bfq,MHIST_bfq
1,0,1,1,1,1,1,-1,-1,-1,1,1,6,0.8571428571428571,MHIST_bgb,MHIST_bgb
1,1,1,1,0,1,1,-1,-1,-1,1,1,6,0.8571428571428571,MHIST_bgf,MHIST_bgf
1,1,1,1,1,1,0,-1,-1,-1,1,1,6,0.8571428571428571,MHIST_bhl,MHIST_bhl
1,1,1,0,1,1,1,-1,-1,-1,1,1,6,0.8571428571428571,MHIST_bhs,MHIST_bhs
1,1,1,1,1,0,1,-1,-1,-1,1,1,6,0.8571428571428571,MHIST_bih,MHIST_bih
1,1,0,1,1,1,1,-1,-1,-1,1,1,6,0.8571428571428571,MHIST_bii,MHIST_bii
1,1,1,1,0,1,1,-1,-1,-1,1,1,6,0.8571428571428571,MHIST_bja,MHIST_bja
1,1,0,1,1,1,1,-1,-1,-1,1,1,6,0.8571428571428571,MHIST_bjp,MHIST_bjp
0,1,1,1,1,1,1,-1,-1,-1,1,1,6,0.8571428571428571,MHIST_bkd,MHIST_bkd
1,0,1,1,1,1,1,-1,-1,-1,1,1,6,0.8571428571428571,MHIST_bks,MHIST_bks
1,0,1,1,1,1,1,-1,-1,-1,1,1,6,0.8571428571428571,MHIST_bky,MHIST_bky
1,1,1,1,1,0,1,-1,-1,-1,1,1,6,0.8571428571428571,MHIST_bnf,MHIST_bnf
1,1,1,0,1,1,1,-1,-1,-1,1,1,6,0.8571428571428571,MHIST_bop,MHIST_bop
1,0,1,1,1,1,1,-1,-1,-1,1,1,6,0.8571428571428571,MHIST_bor,MHIST_bor
1,1,1,1,1,1,0,-1,-1,-1,1,1,6,0.8571428571428571,MHIST_bpb,MHIST_bpb
1,0,1,1,1,1,1,-1,-1,-1,1,1,6,0.8571428571428571,MHIST_bpp,MHIST_bpp
1,1,1,0,1,1,1,-1,-1,-1,1,1,6,0.8571428571428571,MHIST_bql,MHIST_bql
1,0,1,1,1,1,1,-1,-1,-1,1,1,6,0.8571428571428571,MHIST_bsj,MHIST_bsj
1,1,1,0,1,1,1,-1,-1,-1,1,1,6,0.8571428571428571,MHIST_bwa,MHIST_bwa
1,1,1,1,1,1,0,-1,-1,-1,1,1,6,0.8571428571428571,MHIST_byh,MHIST_byh
1,1,0,1,1,1,1,-1,-1,-1,1,1,6,0.8571428571428571,MHIST_cbu,MHIST_cbu
1,1,0,1,1,1,1,-1,-1,-1,1,1,6,0.8571428571428571,MHIST_ccd,MHIST_ccd
0,1,1,1,1,1,1,-1,-1,-1,1,1,6,0.8571428571428571,MHIST_cfi,MHIST_cfi
1,1,1,1,1,0,1,-1,-1,-1,1,1,6,0.8571428571428571,MHIST_cfx,MHIST_cfx
1,1,1,0,1,1,1,-1,-1,-1,1,1,6,0.8571428571428571,MHIST_cic,MHIST_cic
1,1,1,0,1,1,1,-1,-1,-1,1,1,6,0.8571428571428571,MHIST_cln,MHIST_cln
1,1,1,1,1,1,0,-1,-1,-1,1,1,6,0.8571428571428571,MHIST_clw,MHIST_clw
1,1,1,0,1,1,1,-1,-1,-1,1,1,6,0.8571428571428571,MHIST_cml,MHIST_cml
1,1,1,0,1,1,1,-1,-1,-1,1,1,6,0.8571428571428571,MHIST_czb,MHIST_czb
0,1,1,1,1,1,1,-1,-1,-1,1,1,6,0.8571428571428571,MHIST_dhb,MHIST_dhb
0,1,1,1,1,1,1,-1,-1,-1,1,1,6,0.8571428571428571,MHIST_dho,MHIST_dho
1,1,1,0,1,1,1,-1,-1,-1,1,1,6,0.8571428571428571,MHIST_dhu,MHIST_dhu
1,0,1,1,1,1,1,-1,-1,-1,1,1,6,0.8571428571428571,MHIST_diy,MHIST_diy
1,1,1,1,1,1,1,-1,-1,-1,1,1,7,1.0,MHIST_dog,MHIST_dog
1,1,1,1,1,1,1,-1,-1,-1,1,1,7,1.0,MHIST_cqg,MHIST_cqg
1,1,1,1,1,1,1,-1,-1,-1,1,1,7,1.0,MHIST_dwa,MHIST_dwa
1,1,1,1,1,1,1,-1,-1,-1,1,1,7,1.0,MHIST_cso,MHIST_cso
1,1,1,1,1,1,1,-1,-1,-1,1,1,7,1.0,MHIST_eqa,MHIST_eqa
1,1,1,1,1,1,1,-1,-1,-1,1,1,7,1.0,MHIST_buo,MHIST_buo
1,1,1,1,1,1,1,-1,-1,-1,1,1,7,1.0,MHIST_ekx,MHIST_ekx
1,1,1,1,1,1,1,-1,-1,-1,1,1,7,1.0,MHIST_eky,MHIST_eky
1,1,1,1,1,1,1,-1,-1,-1,1,1,7,1.0,MHIST_aiu,MHIST_aiu
1,1,1,1,1,1,1,-1,-1,-1,1,1,7,1.0,MHIST_chs,MHIST_chs
1,1,1,1,1,1,1,-1,-1,-1,1,1,7,1.0,MHIST_dao,MHIST_dao
1,1,1,1,1,1,1,-1,-1,-1,1,1,7,1.0,MHIST_dcp,MHIST_dcp
1,1,1,1,1,1,1,-1,-1,-1,1,1,7,1.0,MHIST_dty,MHIST_dty
1,1,1,1,1,1,1,-1,-1,-1,1,1,7,1.0,MHIST_dtn,MHIST_dtn
1,1,1,1,1,1,1,-1,-1,-1,1,1,7,1.0,MHIST_aet,MHIST_aet
1,1,1,1,1,1,1,-1,-1,-1,1,1,7,1.0,MHIST_bws,MHIST_bws
1,1,1,1,1,1,1,-1,-1,-1,1,1,7,1.0,MHIST_bzc,MHIST_bzc
1,1,1,1,1,1,1,-1,-1,-1,1,1,7,1.0,MHIST_bum,MHIST_bum
1,1,1,1,1,1,1,-1,-1,-1,1,1,7,1.0,MHIST_dvg,MHIST_dvg
1,1,1,1,1,1,1,-1,-1,-1,1,1,7,1.0,MHIST_cjo,MHIST_cjo
1,1,1,1,1,1,1,-1,-1,-1,1,1,7,1.0,MHIST_dmi,MHIST_dmi
1,1,1,1,1,1,1,-1,-1,-1,1,1,7,1.0,MHIST_crm,MHIST_crm
1,1,1,1,1,1,1,-1,-1,-1,1,1,7,1.0,MHIST_aji,MHIST_aji
1,1,1,1,1,1,1,-1,-1,-1,1,1,7,1.0,MHIST_dwp,MHIST_dwp
1,1,1,1,1,1,1,-1,-1,-1,1,1,7,1.0,MHIST_adu,MHIST_adu
1,1,1,1,1,1,1,-1,-1,-1,1,1,7,1.0,MHIST_eqp,MHIST_eqp
1,1,1,1,1,1,1,-1,-1,-1,1,1,7,1.0,MHIST_edp,MHIST_edp
1,1,1,1,1,1,1,-1,-1,-1,1,1,7,1.0,MHIST_dcc,MHIST_dcc
1,1,1,1,1,1,1,-1,-1,-1,1,1,7,1.0,MHIST_dxk,MHIST_dxk
1,1,1,1,1,1,1,-1,-1,-1,1,1,7,1.0,MHIST_bze,MHIST_bze
1,1,1,1,1,1,1,-1,-1,-1,1,1,7,1.0,MHIST_efl,MHIST_efl
1,1,1,1,1,1,1,-1,-1,-1,1,1,7,1.0,MHIST_eic,MHIST_eic
1,1,1,1,1,1,1,-1,-1,-1,1,1,7,1.0,MHIST_dyy,MHIST_dyy
1,1,1,1,1,1,1,-1,-1,-1,1,1,7,1.0,MHIST_dzb,MHIST_dzb
1,1,1,1,1,1,1,-1,-1,-1,1,1,7,1.0,MHIST_cyx,MHIST_cyx
1,1,1,1,1,1,1,-1,-1,-1,1,1,7,1.0,MHIST_ebt,MHIST_ebt
1,1,1,1,1,1,1,-1,-1,-1,1,1,7,1.0,MHIST_cwr,MHIST_cwr
1,1,1,1,1,1,1,-1,-1,-1,1,1,7,1.0,MHIST_ddu,MHIST_ddu
1,1,1,1,1,1,1,-1,-1,-1,1,1,7,1.0,MHIST_cot,MHIST_cot
1,1,1,1,1,1,1,-1,-1,-1,1,1,7,1.0,MHIST_coc,MHIST_coc
1,1,1,1,1,1,1,-1,-1,-1,1,1,7,1.0,MHIST_cne,MHIST_cne
1,1,1,1,1,1,1,-1,-1,-1,1,1,7,1.0,MHIST_dht,MHIST_dht
1,1,1,1,1,1,1,-1,-1,-1,1,1,7,1.0,MHIST_ccu,MHIST_ccu
1,1,1,1,1,1,1,-1,-1,-1,1,1,7,1.0,MHIST_cvt,MHIST_cvt
1,1,1,1,1,1,1,-1,-1,-1,1,1,7,1.0,MHIST_cwq,MHIST_cwq
1,1,1,1,1,1,1,-1,-1,-1,1,1,7,1.0,MHIST_djj,MHIST_djj
1,1,1,1,1,1,1,-1,-1,-1,1,1,7,1.0,MHIST_djn,MHIST_djn
1,1,1,1,1,1,1,-1,-1,-1,1,1,7,1.0,MHIST_cod,MHIST_cod
1,1,1,1,1,1,1,-1,-1,-1,1,1,7,1.0,MHIST_cty,MHIST_cty
1,1,1,1,1,1,1,-1,-1,-1,1,1,7,1.0,MHIST_ebd,MHIST_ebd
1,1,1,1,1,1,1,-1,-1,-1,1,1,7,1.0,MHIST_ccf,MHIST_ccf
1,1,1,1,1,1,1,-1,-1,-1,1,1,7,1.0,MHIST_cmz,MHIST_cmz
1,1,1,1,1,1,1,-1,-1,-1,1,1,7,1.0,MHIST_cnc,MHIST_cnc
1,1,1,1,1,1,1,-1,-1,-1,1,1,7,1.0,MHIST_cui,MHIST_cui
1,1,1,1,1,1,1,-1,-1,-1,1,1,7,1.0,MHIST_ebp,MHIST_ebp
1,1,1,1,1,1,1,-1,-1,-1,1,1,7,1.0,MHIST_czg,MHIST_czg
1,1,1,1,1,1,1,-1,-1,-1,1,1,7,1.0,MHIST_abt,MHIST_abt
1,1,1,1,1,1,1,-1,-1,-1,1,1,7,1.0,MHIST_acp,MHIST_acp
1,1,1,1,1,1,1,-1,-1,-1,1,1,7,1.0,MHIST_dqq,MHIST_dqq
1,1,1,1,1,1,1,-1,-1,-1,1,1,7,1.0,MHIST_cnb,MHIST_cnb
1,1,1,1,1,1,1,-1,-1,-1,1,1,7,1.0,MHIST_dhs,MHIST_dhs
1,1,1,1,1,1,1,-1,-1,-1,1,1,7,1.0,MHIST_ddj,MHIST_ddj
1,1,1,1,1,1,1,-1,-1,-1,1,1,7,1.0,MHIST_dsc,MHIST_dsc
1,1,1,1,1,1,1,-1,-1,-1,1,1,7,1.0,MHIST_elv,MHIST_elv
1,1,1,1,1,1,1,-1,-1,-1,1,1,7,1.0,MHIST_ecn,MHIST_ecn
1,1,1,1,1,1,1,-1,-1,-1,1,1,7,1.0,MHIST_elw,MHIST_elw
1,1,1,1,1,1,1,-1,-1,-1,1,1,7,1.0,MHIST_abo,MHIST_abo
1,1,1,1,1,1,1,-1,-1,-1,1,1,7,1.0,MHIST_dpn,MHIST_dpn
1,1,1,1,1,1,1,-1,-1,-1,1,1,7,1.0,MHIST_djw,MHIST_djw
1,1,1,1,1,1,1,-1,-1,-1,1,1,7,1.0,MHIST_dkf,MHIST_dkf
1,1,1,1,1,1,1,-1,-1,-1,1,1,7,1.0,MHIST_cac,MHIST_cac
1,1,1,1,1,1,1,-1,-1,-1,1,1,7,1.0,MHIST_cbo,MHIST_cbo
1,1,1,1,1,1,1,-1,-1,-1,1,1,7,1.0,MHIST_dqh,MHIST_dqh
1,1,1,1,1,1,1,-1,-1,-1,1,1,7,1.0,MHIST_bsq,MHIST_bsq
1,1,1,1,1,1,1,-1,-1,-1,1,1,7,1.0,MHIST_enk,MHIST_enk
1,1,1,1,1,1,1,-1,-1,-1,1,1,7,1.0,MHIST_dsa,MHIST_dsa
1,1,1,1,1,1,1,-1,-1,-1,1,1,7,1.0,MHIST_dre,MHIST_dre
1,1,1,1,1,1,1,-1,-1,-1,1,1,7,1.0,MHIST_cab,MHIST_cab
1,1,1,1,1,1,1,-1,-1,-1,1,1,7,1.0,MHIST_dik,MHIST_dik
1,1,1,1,1,1,1,-1,-1,-1,1,1,7,1.0,MHIST_deh,MHIST_deh
1,1,1,1,1,1,1,-1,-1,-1,1,1,7,1.0,MHIST_drv,MHIST_drv
1,1,1,1,1,1,1,-1,-1,-1,1,1,7,1.0,MHIST_dse,MHIST_dse
1,1,1,1,1,1,1,-1,-1,-1,1,1,7,1.0,MHIST_bfu,MHIST_bfu
1,1,1,1,1,1,1,-1,-1,-1,1,1,7,1.0,MHIST_eav,MHIST_eav
1,1,1,1,1,1,1,-1,-1,-1,1,1,7,1.0,MHIST_dsd,MHIST_dsd
1,1,1,1,1,1,1,-1,-1,-1,1,1,7,1.0,MHIST_ctq,MHIST_ctq
1,1,1,1,1,1,1,-1,-1,-1,1,1,7,1.0,MHIST_cap,MHIST_cap
1,1,1,1,1,1,1,-1,-1,-1,1,1,7,1.0,MHIST_dei,MHIST_dei
1,1,1,1,1,1,1,-1,-1,-1,1,1,7,1.0,MHIST_ccm,MHIST_ccm
1,1,1,1,1,1,1,-1,-1,-1,1,1,7,1.0,MHIST_dgc,MHIST_dgc
1,1,1,1,1,1,1,-1,-1,-1,1,1,7,1.0,MHIST_alw,MHIST_alw
1,1,1,1,1,1,1,-1,-1,-1,1,1,7,1.0,MHIST_drb,MHIST_drb
1,1,1,1,1,1,1,-1,-1,-1,1,1,7,1.0,MHIST_cxp,MHIST_cxp
1,1,1,1,1,1,1,-1,-1,-1,1,1,7,1.0,MHIST_bpl,MHIST_bpl
1,1,1,1,1,1,1,-1,-1,-1,1,1,7,1.0,MHIST_eoh,MHIST_eoh
1,1,1,1,1,1,1,-1,-1,-1,1,1,7,1.0,MHIST_eck,MHIST_eck
1,1,1,1,1,1,1,-1,-1,-1,1,1,7,1.0,MHIST_bfv,MHIST_bfv
1,1,1,1,1,1,1,-1,-1,-1,1,1,7,1.0,MHIST_eby,MHIST_eby
1,1,1,1,1,1,1,-1,-1,-1,1,1,7,1.0,MHIST_ecj,MHIST_ecj
1,1,1,1,1,1,1,-1,-1,-1,1,1,7,1.0,MHIST_bfw,MHIST_bfw
1,1,1,1,1,1,1,-1,-1,-1,1,1,7,1.0,MHIST_bio,MHIST_bio
1,1,1,1,1,1,1,-1,-1,-1,1,1,7,1.0,MHIST_cxf,MHIST_cxf
1,1,1,1,1,1,1,-1,-1,-1,1,1,7,1.0,MHIST_czn,MHIST_czn
1,1,1,1,1,1,1,-1,-1,-1,1,1,7,1.0,MHIST_cyu,MHIST_cyu
1,1,1,1,1,1,1,-1,-1,-1,1,1,7,1.0,MHIST_ala,MHIST_ala
1,1,1,1,1,1,1,-1,-1,-1,1,1,7,1.0,MHIST_cua,MHIST_cua
1,1,1,1,1,1,1,-1,-1,-1,1,1,7,1.0,MHIST_ayw,MHIST_ayw
1,1,1,1,1,1,1,-1,-1,-1,1,1,7,1.0,MHIST_djr,MHIST_djr
1,1,1,1,1,1,1,-1,-1,-1,1,1,7,1.0,MHIST_ckw,MHIST_ckw
1,1,1,1,1,1,1,-1,-1,-1,1,1,7,1.0,MHIST_dae,MHIST_dae
1,1,1,1,1,1,1,-1,-1,-1,1,1,7,1.0,MHIST_cfg,MHIST_cfg
1,1,1,1,1,1,1,-1,-1,-1,1,1,7,1.0,MHIST_cgt,MHIST_cgt
1,1,1,1,1,1,1,-1,-1,-1,1,1,7,1.0,MHIST_ajf,MHIST_ajf
1,1,1,1,1,1,1,-1,-1,-1,1,1,7,1.0,MHIST_cqy,MHIST_cqy
1,1,1,1,1,1,1,-1,-1,-1,1,1,7,1.0,MHIST_aij,MHIST_aij
1,1,1,1,1,1,1,-1,-1,-1,1,1,7,1.0,MHIST_ekf,MHIST_ekf
1,1,1,1,1,1,1,-1,-1,-1,1,1,7,1.0,MHIST_bbx,MHIST_bbx
1,1,1,1,1,1,1,-1,-1,-1,1,1,7,1.0,MHIST_egd,MHIST_egd
1,1,1,1,1,1,1,-1,-1,-1,1,1,7,1.0,MHIST_bwo,MHIST_bwo
1,1,1,1,1,1,1,-1,-1,-1,1,1,7,1.0,MHIST_bug,MHIST_bug
1,1,1,1,1,1,1,-1,-1,-1,1,1,7,1.0,MHIST_dwi,MHIST_dwi
1,1,1,1,1,1,1,-1,-1,-1,1,1,7,1.0,MHIST_dte,MHIST_dte
1,1,1,1,1,1,1,-1,-1,-1,1,1,7,1.0,MHIST_dua,MHIST_dua
1,1,1,1,1,1,1,-1,-1,-1,1,1,7,1.0,MHIST_dmg,MHIST_dmg
1,1,1,1,1,1,1,-1,-1,-1,1,1,7,1.0,MHIST_ckc,MHIST_ckc
1,1,1,1,1,1,1,-1,-1,-1,1,1,7,1.0,MHIST_dni,MHIST_dni
1,1,1,1,1,1,1,-1,-1,-1,1,1,7,1.0,MHIST_cfd,MHIST_cfd
1,1,1,1,1,1,1,-1,-1,-1,1,1,7,1.0,MHIST_dbj,MHIST_dbj
1,1,1,1,1,1,1,-1,-1,-1,1,1,7,1.0,MHIST_dtg,MHIST_dtg
1,1,1,1,1,1,1,-1,-1,-1,1,1,7,1.0,MHIST_ahz,MHIST_ahz
1,1,1,1,1,1,1,-1,-1,-1,1,1,7,1.0,MHIST_cse,MHIST_cse
1,1,1,1,1,1,1,-1,-1,-1,1,1,7,1.0,MHIST_ajr,MHIST_ajr
1,1,1,1,1,1,1,-1,-1,-1,1,1,7,1.0,MHIST_dxs,MHIST_dxs
1,1,1,1,1,1,1,-1,-1,-1,1,1,7,1.0,MHIST_dyw,MHIST_dyw
1,1,1,1,1,1,1,-1,-1,-1,1,1,7,1.0,MHIST_bxb,MHIST_bxb
1,1,1,1,1,1,1,-1,-1,-1,1,1,7,1.0,MHIST_efb,MHIST_efb
1,1,1,1,1,1,1,-1,-1,-1,1,1,7,1.0,MHIST_efu,MHIST_efu
1,1,1,1,1,1,1,-1,-1,-1,1,1,7,1.0,MHIST_bbm,MHIST_bbm
1,1,1,1,1,1,1,-1,-1,-1,1,1,7,1.0,MHIST_eil,MHIST_eil
1,1,1,1,1,1,1,-1,-1,-1,1,1,7,1.0,MHIST_blf,MHIST_blf
1,1,1,1,1,1,1,-1,-1,-1,1,1,7,1.0,MHIST_bwl,MHIST_bwl
1,1,1,1,1,1,1,-1,-1,-1,1,1,7,1.0,MHIST_dzz,MHIST_dzz
1,1,1,1,1,1,1,-1,-1,-1,1,1,7,1.0,MHIST_cql,MHIST_cql
1,1,1,1,1,1,1,-1,-1,-1,1,1,7,1.0,MHIST_dcx,MHIST_dcx
1,1,1,1,1,1,1,-1,-1,-1,1,1,7,1.0,MHIST_cjf,MHIST_cjf
1,1,1,1,1,1,1,-1,-1,-1,1,1,7,1.0,MHIST_dmw,MHIST_dmw
1,1,1,1,1,1,1,-1,-1,-1,1,1,7,1.0,MHIST_ail,MHIST_ail
1,1,1,1,1,1,1,-1,-1,-1,1,1,7,1.0,MHIST_dvj,MHIST_dvj
1,1,1,1,1,1,1,-1,-1,-1,1,1,7,1.0,MHIST_duf,MHIST_duf
1,1,1,1,1,1,1,-1,-1,-1,1,1,7,1.0,MHIST_eqy,MHIST_eqy
1,1,1,1,1,1,1,-1,-1,-1,1,1,7,1.0,MHIST_bnj,MHIST_bnj
1,1,1,1,1,1,1,-1,-1,-1,1,1,7,1.0,MHIST_bon,MHIST_bon
1,1,1,1,1,1,1,-1,-1,-1,1,1,7,1.0,MHIST_bbi,MHIST_bbi
1,1,1,1,1,1,1,-1,-1,-1,1,1,7,1.0,MHIST_edo,MHIST_edo
1,1,1,1,1,1,1,-1,-1,-1,1,1,7,1.0,MHIST_bcl,MHIST_bcl
1,1,1,1,1,1,1,-1,-1,-1,1,1,7,1.0,MHIST_blc,MHIST_blc
1,1,1,1,1,1,1,-1,-1,-1,1,1,7,1.0,MHIST_eii,MHIST_eii
1,1,1,1,1,1,1,-1,-1,-1,1,1,7,1.0,MHIST_boo,MHIST_boo
1,1,1,1,1,1,1,-1,-1,-1,1,1,7,1.0,MHIST_bxq,MHIST_bxq
1,1,1,1,1,1,1,-1,-1,-1,1,1,7,1.0,MHIST_byu,MHIST_byu
1,1,1,1,1,1,1,-1,-1,-1,1,1,7,1.0,MHIST_bzn,MHIST_bzn
1,1,1,1,1,1,1,-1,-1,-1,1,1,7,1.0,MHIST_eqx,MHIST_eqx
1,1,1,1,1,1,1,-1,-1,-1,1,1,7,1.0,MHIST_ake,MHIST_ake
1,1,1,1,1,1,1,-1,-1,-1,1,1,7,1.0,MHIST_dtt,MHIST_dtt
1,1,1,1,1,1,1,-1,-1,-1,1,1,7,1.0,MHIST_cjc,MHIST_cjc
1,1,1,1,1,1,1,-1,-1,-1,1,1,7,1.0,MHIST_cjv,MHIST_cjv
1,1,1,1,1,1,1,-1,-1,-1,1,1,7,1.0,MHIST_daw,MHIST_daw
1,1,1,1,1,1,1,-1,-1,-1,1,1,7,1.0,MHIST_cgf,MHIST_cgf
1,1,1,1,1,1,1,-1,-1,-1,1,1,7,1.0,MHIST_cst,MHIST_cst
1,1,1,1,1,1,1,-1,-1,-1,1,1,7,1.0,MHIST_ahk,MHIST_ahk
1,1,1,1,1,1,1,-1,-1,-1,1,1,7,1.0,MHIST_csc,MHIST_csc
1,1,1,1,1,1,1,-1,-1,-1,1,1,7,1.0,MHIST_dyq,MHIST_dyq
1,1,1,1,1,1,1,-1,-1,-1,1,1,7,1.0,MHIST_ags,MHIST_ags
1,1,1,1,1,1,1,-1,-1,-1,1,1,7,1.0,MHIST_bvx,MHIST_bvx
1,1,1,1,1,1,1,-1,-1,-1,1,1,7,1.0,MHIST_byw,MHIST_byw
1,1,1,1,1,1,1,-1,-1,-1,1,1,7,1.0,MHIST_eeh,MHIST_eeh
1,1,1,1,1,1,1,-1,-1,-1,1,1,7,1.0,MHIST_bcy,MHIST_bcy
1,1,1,1,1,1,1,-1,-1,-1,1,1,7,1.0,MHIST_bxe,MHIST_bxe
1,1,1,1,1,1,1,-1,-1,-1,1,1,7,1.0,MHIST_bxr,MHIST_bxr
1,1,1,1,1,1,1,-1,-1,-1,1,1,7,1.0,MHIST_bub,MHIST_bub
1,1,1,1,1,1,1,-1,-1,-1,1,1,7,1.0,MHIST_bvy,MHIST_bvy
1,1,1,1,1,1,1,-1,-1,-1,1,1,7,1.0,MHIST_cpn,MHIST_cpn
1,1,1,1,1,1,1,-1,-1,-1,1,1,7,1.0,MHIST_dlf,MHIST_dlf
1,1,1,1,1,1,1,-1,-1,-1,1,1,7,1.0,MHIST_cks,MHIST_cks
